ts_code,name,score,signal_date,buy_date,timing_ratio
000001.SZ,平安银行,0.000000,20260522,20260525,1.000000
600869.SH,远东股份,0.000000,20260522,20260525,1.000000
600860.SH,京城股份,0.000000,20260522,20260525,1.000000
600861.SH,北京人力,0.000000,20260522,20260525,1.000000
600862.SH,中航高科,0.000000,20260522,20260525,1.000000
600863.SH,华能蒙电,0.000000,20260522,20260525,1.000000
600864.SH,哈投股份,0.000000,20260522,20260525,1.000000
600865.SH,百大集团,0.000000,20260522,20260525,1.000000
600866.SH,星湖科技,0.000000,20260522,20260525,1.000000
600867.SH,通化东宝,0.000000,20260522,20260525,1.000000
600868.SH,梅雁吉祥,0.000000,20260522,20260525,1.000000
600871.SH,石化油服,0.000000,20260522,20260525,1.000000
600858.SH,银座股份,0.000000,20260522,20260525,1.000000
600872.SH,中炬高新,0.000000,20260522,20260525,1.000000
600873.SH,梅花生物,0.000000,20260522,20260525,1.000000
600874.SH,创业环保,0.000000,20260522,20260525,1.000000
600875.SH,东方电气,0.000000,20260522,20260525,1.000000
600876.SH,凯盛新能,0.000000,20260522,20260525,1.000000
600877.SH,电科芯片,0.000000,20260522,20260525,1.000000
600879.SH,航天电子,0.000000,20260522,20260525,1.000000
600880.SH,博瑞传播,0.000000,20260522,20260525,1.000000
600881.SH,亚泰集团,0.000000,20260522,20260525,1.000000
600859.SH,王府井,0.000000,20260522,20260525,1.000000
600857.SH,宁波中百,0.000000,20260522,20260525,1.000000
601801.SH,皖新传媒,0.000000,20260522,20260525,1.000000
600841.SH,动力新科,0.000000,20260522,20260525,1.000000
600828.SH,茂业商业,0.000000,20260522,20260525,1.000000
600829.SH,人民同泰,0.000000,20260522,20260525,1.000000
600830.SH,XD香溢融,0.000000,20260522,20260525,1.000000
600831.SH,广电网络,0.000000,20260522,20260525,1.000000
600833.SH,第一医药,0.000000,20260522,20260525,1.000000
600834.SH,申通地铁,0.000000,20260522,20260525,1.000000
600835.SH,上海机电,0.000000,20260522,20260525,1.000000
600838.SH,上海九百,0.000000,20260522,20260525,1.000000
600839.SH,四川长虹,0.000000,20260522,20260525,1.000000
600843.SH,上工申贝,0.000000,20260522,20260525,1.000000
600855.SH,航天长峰,0.000000,20260522,20260525,1.000000
600844.SH,金煤科技,0.000000,20260522,20260525,1.000000
600845.SH,宝信软件,0.000000,20260522,20260525,1.000000
600846.SH,同济科技,0.000000,20260522,20260525,1.000000
600847.SH,万里股份,0.000000,20260522,20260525,1.000000
600848.SH,上海临港,0.000000,20260522,20260525,1.000000
600850.SH,电科数字,0.000000,20260522,20260525,1.000000
600851.SH,海欣股份,0.000000,20260522,20260525,1.000000
600853.SH,龙建股份,0.000000,20260522,20260525,1.000000
600854.SH,春兰股份,0.000000,20260522,20260525,1.000000
600882.SH,妙可蓝多,0.000000,20260522,20260525,1.000000
600883.SH,博闻科技,0.000000,20260522,20260525,1.000000
600884.SH,杉杉股份,0.000000,20260522,20260525,1.000000
600958.SH,东方证券,0.000000,20260522,20260525,1.000000
600930.SH,华电新能,0.000000,20260522,20260525,1.000000
600933.SH,爱柯迪,0.000000,20260522,20260525,1.000000
600935.SH,华塑股份,0.000000,20260522,20260525,1.000000
600936.SH,北投科技,0.000000,20260522,20260525,1.000000
600938.SH,中国海油,0.000000,20260522,20260525,1.000000
600939.SH,重庆建工,0.000000,20260522,20260525,1.000000
600941.SH,中国移动,0.000000,20260522,20260525,1.000000
600955.SH,维远股份,0.000000,20260522,20260525,1.000000
600956.SH,新天绿能,0.000000,20260522,20260525,1.000000
600959.SH,江苏有线,0.000000,20260522,20260525,1.000000
600885.SH,宏发股份,0.000000,20260522,20260525,1.000000
600960.SH,渤海汽车,0.000000,20260522,20260525,1.000000
600961.SH,株冶集团,0.000000,20260522,20260525,1.000000
600962.SH,国投中鲁,0.000000,20260522,20260525,1.000000
600963.SH,岳阳林纸,0.000000,20260522,20260525,1.000000
600966.SH,博汇纸业,0.000000,20260522,20260525,1.000000
600967.SH,内蒙一机,0.000000,20260522,20260525,1.000000
600968.SH,海油发展,0.000000,20260522,20260525,1.000000
600969.SH,郴电国际,0.000000,20260522,20260525,1.000000
600970.SH,中材国际,0.000000,20260522,20260525,1.000000
600929.SH,雪天盐业,0.000000,20260522,20260525,1.000000
600928.SH,西安银行,0.000000,20260522,20260525,1.000000
600927.SH,永安期货,0.000000,20260522,20260525,1.000000
600926.SH,杭州银行,0.000000,20260522,20260525,1.000000
600886.SH,国投电力,0.000000,20260522,20260525,1.000000
600887.SH,伊利股份,0.000000,20260522,20260525,1.000000
600888.SH,新疆众和,0.000000,20260522,20260525,1.000000
600893.SH,航发动力,0.000000,20260522,20260525,1.000000
600894.SH,广日股份,0.000000,20260522,20260525,1.000000
600895.SH,张江高科,0.000000,20260522,20260525,1.000000
600897.SH,厦门空港,0.000000,20260522,20260525,1.000000
600900.SH,长江电力,0.000000,20260522,20260525,1.000000
600901.SH,江苏金租,0.000000,20260522,20260525,1.000000
600903.SH,贵州燃气,0.000000,20260522,20260525,1.000000
600905.SH,三峡能源,0.000000,20260522,20260525,1.000000
600906.SH,财达证券,0.000000,20260522,20260525,1.000000
600908.SH,无锡银行,0.000000,20260522,20260525,1.000000
600909.SH,华安证券,0.000000,20260522,20260525,1.000000
600916.SH,中国黄金,0.000000,20260522,20260525,1.000000
600917.SH,重庆燃气,0.000000,20260522,20260525,1.000000
600918.SH,中泰证券,0.000000,20260522,20260525,1.000000
600919.SH,江苏银行,0.000000,20260522,20260525,1.000000
600925.SH,苏能股份,0.000000,20260522,20260525,1.000000
600827.SH,百联股份,0.000000,20260522,20260525,1.000000
600826.SH,兰生股份,0.000000,20260522,20260525,1.000000
600825.SH,新华传媒,0.000000,20260522,20260525,1.000000
600748.SH,上实发展,0.000000,20260522,20260525,1.000000
600737.SH,中粮糖业,0.000000,20260522,20260525,1.000000
600738.SH,丽尚国潮,0.000000,20260522,20260525,1.000000
600739.SH,辽宁成大,0.000000,20260522,20260525,1.000000
600740.SH,山西焦化,0.000000,20260522,20260525,1.000000
600741.SH,华域汽车,0.000000,20260522,20260525,1.000000
600742.SH,富维股份,0.000000,20260522,20260525,1.000000
600743.SH,华远控股,0.000000,20260522,20260525,1.000000
600744.SH,华银电力,0.000000,20260522,20260525,1.000000
600746.SH,江苏索普,0.000000,20260522,20260525,1.000000
600749.SH,西藏旅游,0.000000,20260522,20260525,1.000000
600764.SH,中国海防,0.000000,20260522,20260525,1.000000
600750.SH,华润江中,0.000000,20260522,20260525,1.000000
600751.SH,海航科技,0.000000,20260522,20260525,1.000000
600754.SH,锦江酒店,0.000000,20260522,20260525,1.000000
600755.SH,厦门国贸,0.000000,20260522,20260525,1.000000
600756.SH,浪潮软件,0.000000,20260522,20260525,1.000000
600757.SH,长江传媒,0.000000,20260522,20260525,1.000000
600758.SH,辽宁能源,0.000000,20260522,20260525,1.000000
600760.SH,中航沈飞,0.000000,20260522,20260525,1.000000
600761.SH,安徽合力,0.000000,20260522,20260525,1.000000
600736.SH,苏州高新,0.000000,20260522,20260525,1.000000
600733.SH,北汽蓝谷,0.000000,20260522,20260525,1.000000
600732.SH,爱旭股份,0.000000,20260522,20260525,1.000000
600731.SH,湖南海利,0.000000,20260522,20260525,1.000000
600710.SH,苏美达,0.000000,20260522,20260525,1.000000
600711.SH,盛屯矿业,0.000000,20260522,20260525,1.000000
600712.SH,南宁百货,0.000000,20260522,20260525,1.000000
600713.SH,南京医药,0.000000,20260522,20260525,1.000000
600714.SH,金瑞矿业,0.000000,20260522,20260525,1.000000
600715.SH,文投控股,0.000000,20260522,20260525,1.000000
600716.SH,凤凰股份,0.000000,20260522,20260525,1.000000
600717.SH,天津港,0.000000,20260522,20260525,1.000000
600718.SH,东软集团,0.000000,20260522,20260525,1.000000
600719.SH,大连热电,0.000000,20260522,20260525,1.000000
600720.SH,中交设计,0.000000,20260522,20260525,1.000000
600721.SH,百花医药,0.000000,20260522,20260525,1.000000
600722.SH,金牛化工,0.000000,20260522,20260525,1.000000
600724.SH,宁波富达,0.000000,20260522,20260525,1.000000
600725.SH,云维股份,0.000000,20260522,20260525,1.000000
600726.SH,华电能源,0.000000,20260522,20260525,1.000000
600727.SH,鲁北化工,0.000000,20260522,20260525,1.000000
600728.SH,佳都科技,0.000000,20260522,20260525,1.000000
600729.SH,重百集团,0.000000,20260522,20260525,1.000000
600763.SH,通策医疗,0.000000,20260522,20260525,1.000000
600765.SH,XD中航重,0.000000,20260522,20260525,1.000000
600824.SH,益民集团,0.000000,20260522,20260525,1.000000
600809.SH,山西汾酒,0.000000,20260522,20260525,1.000000
600797.SH,浙大网新,0.000000,20260522,20260525,1.000000
600798.SH,宁波海运,0.000000,20260522,20260525,1.000000
600800.SH,渤海化学,0.000000,20260522,20260525,1.000000
600801.SH,华新建材,0.000000,20260522,20260525,1.000000
600802.SH,福建水泥,0.000000,20260522,20260525,1.000000
600803.SH,新奥股份,0.000000,20260522,20260525,1.000000
600805.SH,悦达投资,0.000000,20260522,20260525,1.000000
600807.SH,济高发展,0.000000,20260522,20260525,1.000000
600808.SH,马钢股份,0.000000,20260522,20260525,1.000000
600810.SH,神马股份,0.000000,20260522,20260525,1.000000
600768.SH,宁波富邦,0.000000,20260522,20260525,1.000000
600812.SH,华北制药,0.000000,20260522,20260525,1.000000
600814.SH,杭州解百,0.000000,20260522,20260525,1.000000
600815.SH,厦工股份,0.000000,20260522,20260525,1.000000
600816.SH,建元信托,0.000000,20260522,20260525,1.000000
600817.SH,宇通重工,0.000000,20260522,20260525,1.000000
600819.SH,耀皮玻璃,0.000000,20260522,20260525,1.000000
600820.SH,隧道股份,0.000000,20260522,20260525,1.000000
600821.SH,金开新能,0.000000,20260522,20260525,1.000000
600822.SH,上海物贸,0.000000,20260522,20260525,1.000000
600796.SH,钱江生化,0.000000,20260522,20260525,1.000000
600795.SH,国电电力,0.000000,20260522,20260525,1.000000
600794.SH,保税科技,0.000000,20260522,20260525,1.000000
600793.SH,宜宾纸业,0.000000,20260522,20260525,1.000000
600769.SH,祥龙电业,0.000000,20260522,20260525,1.000000
600770.SH,综艺股份,0.000000,20260522,20260525,1.000000
600771.SH,广誉远,0.000000,20260522,20260525,1.000000
600773.SH,西藏城投,0.000000,20260522,20260525,1.000000
600774.SH,汉商集团,0.000000,20260522,20260525,1.000000
600775.SH,南京熊猫,0.000000,20260522,20260525,1.000000
600776.SH,东方通信,0.000000,20260522,20260525,1.000000
600778.SH,友好集团,0.000000,20260522,20260525,1.000000
600779.SH,水井坊,0.000000,20260522,20260525,1.000000
600780.SH,通宝能源,0.000000,20260522,20260525,1.000000
600782.SH,新钢股份,0.000000,20260522,20260525,1.000000
600783.SH,鲁信创投,0.000000,20260522,20260525,1.000000
600784.SH,鲁银投资,0.000000,20260522,20260525,1.000000
600785.SH,新华百货,0.000000,20260522,20260525,1.000000
600787.SH,中储股份,0.000000,20260522,20260525,1.000000
600789.SH,鲁抗医药,0.000000,20260522,20260525,1.000000
600790.SH,轻纺城,0.000000,20260522,20260525,1.000000
600791.SH,京能置业,0.000000,20260522,20260525,1.000000
600792.SH,云煤能源,0.000000,20260522,20260525,1.000000
600971.SH,恒源煤电,0.000000,20260522,20260525,1.000000
600973.SH,宝胜股份,0.000000,20260522,20260525,1.000000
600975.SH,新五丰,0.000000,20260522,20260525,1.000000
601398.SH,工商银行,0.000000,20260522,20260525,1.000000
601339.SH,百隆东方,0.000000,20260522,20260525,1.000000
601360.SH,三六零,0.000000,20260522,20260525,1.000000
601366.SH,利群股份,0.000000,20260522,20260525,1.000000
601368.SH,绿城水务,0.000000,20260522,20260525,1.000000
601369.SH,陕鼓动力,0.000000,20260522,20260525,1.000000
601375.SH,中原证券,0.000000,20260522,20260525,1.000000
601377.SH,兴业证券,0.000000,20260522,20260525,1.000000
601388.SH,怡球资源,0.000000,20260522,20260525,1.000000
601390.SH,中国中铁,0.000000,20260522,20260525,1.000000
601399.SH,国机重装,0.000000,20260522,20260525,1.000000
601568.SH,北元化工,0.000000,20260522,20260525,1.000000
601456.SH,国联民生,0.000000,20260522,20260525,1.000000
601500.SH,通用股份,0.000000,20260522,20260525,1.000000
601512.SH,中新集团,0.000000,20260522,20260525,1.000000
601515.SH,衢州东峰,0.000000,20260522,20260525,1.000000
601518.SH,吉林高速,0.000000,20260522,20260525,1.000000
601519.SH,大智慧,0.000000,20260522,20260525,1.000000
601528.SH,瑞丰银行,0.000000,20260522,20260525,1.000000
601555.SH,东吴证券,0.000000,20260522,20260525,1.000000
601566.SH,九牧王,0.000000,20260522,20260525,1.000000
601336.SH,新华保险,0.000000,20260522,20260525,1.000000
601333.SH,广深铁路,0.000000,20260522,20260525,1.000000
601330.SH,绿色动力,0.000000,20260522,20260525,1.000000
601328.SH,交通银行,0.000000,20260522,20260525,1.000000
601212.SH,白银有色,0.000000,20260522,20260525,1.000000
601216.SH,君正集团,0.000000,20260522,20260525,1.000000
601218.SH,吉鑫科技,0.000000,20260522,20260525,1.000000
601222.SH,林洋能源,0.000000,20260522,20260525,1.000000
601225.SH,陕西煤业,0.000000,20260522,20260525,1.000000
601226.SH,华电科工,0.000000,20260522,20260525,1.000000
601228.SH,广州港,0.000000,20260522,20260525,1.000000
601229.SH,上海银行,0.000000,20260522,20260525,1.000000
601231.SH,环旭电子,0.000000,20260522,20260525,1.000000
601233.SH,桐昆股份,0.000000,20260522,20260525,1.000000
601236.SH,红塔证券,0.000000,20260522,20260525,1.000000
601238.SH,广汽集团,0.000000,20260522,20260525,1.000000
601279.SH,英利汽车,0.000000,20260522,20260525,1.000000
601288.SH,农业银行,0.000000,20260522,20260525,1.000000
601298.SH,青岛港,0.000000,20260522,20260525,1.000000
601311.SH,骆驼股份,0.000000,20260522,20260525,1.000000
601318.SH,中国平安,0.000000,20260522,20260525,1.000000
601319.SH,中国人保,0.000000,20260522,20260525,1.000000
601326.SH,秦港股份,0.000000,20260522,20260525,1.000000
601567.SH,三星电气,0.000000,20260522,20260525,1.000000
601577.SH,长沙银行,0.000000,20260522,20260525,1.000000
601208.SH,东材科技,0.000000,20260522,20260525,1.000000
601702.SH,华峰铝业,0.000000,20260522,20260525,1.000000
601677.SH,明泰铝业,0.000000,20260522,20260525,1.000000
601678.SH,滨化股份,0.000000,20260522,20260525,1.000000
601686.SH,友发集团,0.000000,20260522,20260525,1.000000
601688.SH,华泰证券,0.000000,20260522,20260525,1.000000
601689.SH,XD拓普集,0.000000,20260522,20260525,1.000000
601696.SH,中银证券,0.000000,20260522,20260525,1.000000
601698.SH,中国卫通,0.000000,20260522,20260525,1.000000
601699.SH,潞安环能,0.000000,20260522,20260525,1.000000
601700.SH,风范股份,0.000000,20260522,20260525,1.000000
601717.SH,中创智领,0.000000,20260522,20260525,1.000000
601579.SH,会稽山,0.000000,20260522,20260525,1.000000
601727.SH,上海电气,0.000000,20260522,20260525,1.000000
601728.SH,中国电信,0.000000,20260522,20260525,1.000000
601766.SH,中国中车,0.000000,20260522,20260525,1.000000
601777.SH,千里科技,0.000000,20260522,20260525,1.000000
601778.SH,晶科科技,0.000000,20260522,20260525,1.000000
601788.SH,光大证券,0.000000,20260522,20260525,1.000000
601789.SH,宁波建工,0.000000,20260522,20260525,1.000000
601798.SH,蓝科高新,0.000000,20260522,20260525,1.000000
601799.SH,星宇股份,0.000000,20260522,20260525,1.000000
601669.SH,中国电建,0.000000,20260522,20260525,1.000000
601668.SH,中国建筑,0.000000,20260522,20260525,1.000000
601666.SH,平煤股份,0.000000,20260522,20260525,1.000000
601665.SH,齐鲁银行,0.000000,20260522,20260525,1.000000
601588.SH,北辰实业,0.000000,20260522,20260525,1.000000
601595.SH,上海电影,0.000000,20260522,20260525,1.000000
601598.SH,中国外运,0.000000,20260522,20260525,1.000000
601599.SH,浙文影业,0.000000,20260522,20260525,1.000000
601600.SH,中国铝业,0.000000,20260522,20260525,1.000000
601601.SH,中国太保,0.000000,20260522,20260525,1.000000
601606.SH,长城军工,0.000000,20260522,20260525,1.000000
601607.SH,上海医药,0.000000,20260522,20260525,1.000000
601608.SH,中信重工,0.000000,20260522,20260525,1.000000
601609.SH,金田股份,0.000000,20260522,20260525,1.000000
601611.SH,中国核建,0.000000,20260522,20260525,1.000000
601615.SH,明阳智能,0.000000,20260522,20260525,1.000000
601616.SH,广电电气,0.000000,20260522,20260525,1.000000
601618.SH,中国中冶,0.000000,20260522,20260525,1.000000
601619.SH,嘉泽新能,0.000000,20260522,20260525,1.000000
601628.SH,中国人寿,0.000000,20260522,20260525,1.000000
601633.SH,长城汽车,0.000000,20260522,20260525,1.000000
601636.SH,旗滨集团,0.000000,20260522,20260525,1.000000
601658.SH,邮储银行,0.000000,20260522,20260525,1.000000
601211.SH,国泰海通,0.000000,20260522,20260525,1.000000
601200.SH,上海环境,0.000000,20260522,20260525,1.000000
600976.SH,健民集团,0.000000,20260522,20260525,1.000000
601016.SH,节能风电,0.000000,20260522,20260525,1.000000
601003.SH,柳钢股份,0.000000,20260522,20260525,1.000000
601005.SH,重庆钢铁,0.000000,20260522,20260525,1.000000
601006.SH,大秦铁路,0.000000,20260522,20260525,1.000000
601007.SH,金陵饭店,0.000000,20260522,20260525,1.000000
601008.SH,连云港,0.000000,20260522,20260525,1.000000
601009.SH,南京银行,0.000000,20260522,20260525,1.000000
601011.SH,宝泰隆,0.000000,20260522,20260525,1.000000
601012.SH,隆基绿能,0.000000,20260522,20260525,1.000000
601015.SH,陕西黑猫,0.000000,20260522,20260525,1.000000
601018.SH,宁波港,0.000000,20260522,20260525,1.000000
601065.SH,江盐集团,0.000000,20260522,20260525,1.000000
601019.SH,山东出版,0.000000,20260522,20260525,1.000000
601020.SH,华钰矿业,0.000000,20260522,20260525,1.000000
601021.SH,春秋航空,0.000000,20260522,20260525,1.000000
601022.SH,宁波远洋,0.000000,20260522,20260525,1.000000
601026.SH,道生天合,0.000000,20260522,20260525,1.000000
601033.SH,永兴股份,0.000000,20260522,20260525,1.000000
601038.SH,一拖股份,0.000000,20260522,20260525,1.000000
601058.SH,赛轮轮胎,0.000000,20260522,20260525,1.000000
601059.SH,信达证券,0.000000,20260522,20260525,1.000000
601002.SH,晋亿实业,0.000000,20260522,20260525,1.000000
601001.SH,晋控煤业,0.000000,20260522,20260525,1.000000
601000.SH,唐山港,0.000000,20260522,20260525,1.000000
600999.SH,招商证券,0.000000,20260522,20260525,1.000000
600977.SH,中国电影,0.000000,20260522,20260525,1.000000
600979.SH,广安爱众,0.000000,20260522,20260525,1.000000
600980.SH,北矿科技,0.000000,20260522,20260525,1.000000
600981.SH,苏豪汇鸿,0.000000,20260522,20260525,1.000000
600982.SH,宁波能源,0.000000,20260522,20260525,1.000000
600983.SH,惠而浦,0.000000,20260522,20260525,1.000000
600984.SH,建设机械,0.000000,20260522,20260525,1.000000
600985.SH,淮北矿业,0.000000,20260522,20260525,1.000000
600986.SH,浙文互联,0.000000,20260522,20260525,1.000000
600987.SH,XD航民股,0.000000,20260522,20260525,1.000000
600988.SH,赤峰黄金,0.000000,20260522,20260525,1.000000
600989.SH,宝丰能源,0.000000,20260522,20260525,1.000000
600990.SH,四创电子,0.000000,20260522,20260525,1.000000
600992.SH,贵绳股份,0.000000,20260522,20260525,1.000000
600993.SH,马应龙,0.000000,20260522,20260525,1.000000
600995.SH,南网储能,0.000000,20260522,20260525,1.000000
600996.SH,贵广网络,0.000000,20260522,20260525,1.000000
600997.SH,开滦股份,0.000000,20260522,20260525,1.000000
600998.SH,九州通,0.000000,20260522,20260525,1.000000
601061.SH,中信金属,0.000000,20260522,20260525,1.000000
601066.SH,中信建投,0.000000,20260522,20260525,1.000000
601199.SH,江南水务,0.000000,20260522,20260525,1.000000
601162.SH,天风证券,0.000000,20260522,20260525,1.000000
601128.SH,常熟银行,0.000000,20260522,20260525,1.000000
601133.SH,柏诚股份,0.000000,20260522,20260525,1.000000
601136.SH,首创证券,0.000000,20260522,20260525,1.000000
601137.SH,博威合金,0.000000,20260522,20260525,1.000000
601138.SH,工业富联,0.000000,20260522,20260525,1.000000
601139.SH,深圳燃气,0.000000,20260522,20260525,1.000000
601155.SH,新城控股,0.000000,20260522,20260525,1.000000
601156.SH,东航物流,0.000000,20260522,20260525,1.000000
601158.SH,重庆水务,0.000000,20260522,20260525,1.000000
601163.SH,三角轮胎,0.000000,20260522,20260525,1.000000
601068.SH,中铝国际,0.000000,20260522,20260525,1.000000
601166.SH,兴业银行,0.000000,20260522,20260525,1.000000
601168.SH,西部矿业,0.000000,20260522,20260525,1.000000
601169.SH,北京银行,0.000000,20260522,20260525,1.000000
601177.SH,杭齿前进,0.000000,20260522,20260525,1.000000
601179.SH,中国西电,0.000000,20260522,20260525,1.000000
601186.SH,中国铁建,0.000000,20260522,20260525,1.000000
601187.SH,厦门银行,0.000000,20260522,20260525,1.000000
601188.SH,龙江交通,0.000000,20260522,20260525,1.000000
601198.SH,东兴证券,0.000000,20260522,20260525,1.000000
601127.SH,赛力斯,0.000000,20260522,20260525,1.000000
601126.SH,四方股份,0.000000,20260522,20260525,1.000000
601121.SH,宝地矿业,0.000000,20260522,20260525,1.000000
601118.SH,海南橡胶,0.000000,20260522,20260525,1.000000
601069.SH,西部黄金,0.000000,20260522,20260525,1.000000
601077.SH,渝农商行,0.000000,20260522,20260525,1.000000
601083.SH,锦江航运,0.000000,20260522,20260525,1.000000
601086.SH,国芳集团,0.000000,20260522,20260525,1.000000
601088.SH,中国神华,0.000000,20260522,20260525,1.000000
601089.SH,福元医药,0.000000,20260522,20260525,1.000000
601096.SH,宏盛华源,0.000000,20260522,20260525,1.000000
601098.SH,中南传媒,0.000000,20260522,20260525,1.000000
601099.SH,太平洋,0.000000,20260522,20260525,1.000000
601100.SH,恒立液压,0.000000,20260522,20260525,1.000000
601101.SH,昊华能源,0.000000,20260522,20260525,1.000000
601106.SH,中国一重,0.000000,20260522,20260525,1.000000
601107.SH,四川成渝,0.000000,20260522,20260525,1.000000
601108.SH,财通证券,0.000000,20260522,20260525,1.000000
601111.SH,中国国航,0.000000,20260522,20260525,1.000000
601112.SH,振石股份,0.000000,20260522,20260525,1.000000
601113.SH,华鼎股份,0.000000,20260522,20260525,1.000000
601116.SH,三江购物,0.000000,20260522,20260525,1.000000
601117.SH,中国化学,0.000000,20260522,20260525,1.000000
600708.SH,光明地产,0.000000,20260522,20260525,1.000000
600707.SH,彩虹股份,0.000000,20260522,20260525,1.000000
600706.SH,曲江文旅,0.000000,20260522,20260525,1.000000
600358.SH,国旅联合,0.000000,20260522,20260525,1.000000
600345.SH,长江通信,0.000000,20260522,20260525,1.000000
600346.SH,恒力石化,0.000000,20260522,20260525,1.000000
600348.SH,华阳股份,0.000000,20260522,20260525,1.000000
600350.SH,山东高速,0.000000,20260522,20260525,1.000000
600351.SH,亚宝药业,0.000000,20260522,20260525,1.000000
600352.SH,浙江龙盛,0.000000,20260522,20260525,1.000000
600353.SH,旭光电子,0.000000,20260522,20260525,1.000000
600354.SH,敦煌种业,0.000000,20260522,20260525,1.000000
600356.SH,恒丰纸业,0.000000,20260522,20260525,1.000000
600359.SH,新农开发,0.000000,20260522,20260525,1.000000
600373.SH,中文传媒,0.000000,20260522,20260525,1.000000
600360.SH,华微电子,0.000000,20260522,20260525,1.000000
600361.SH,创新新材,0.000000,20260522,20260525,1.000000
600362.SH,江西铜业,0.000000,20260522,20260525,1.000000
600363.SH,联创光电,0.000000,20260522,20260525,1.000000
600366.SH,宁波韵升,0.000000,20260522,20260525,1.000000
600367.SH,红星发展,0.000000,20260522,20260525,1.000000
600368.SH,五洲交通,0.000000,20260522,20260525,1.000000
600369.SH,西南证券,0.000000,20260522,20260525,1.000000
600371.SH,万向德农,0.000000,20260522,20260525,1.000000
600343.SH,航天动力,0.000000,20260522,20260525,1.000000
600339.SH,中油工程,0.000000,20260522,20260525,1.000000
600338.SH,西藏珠峰,0.000000,20260522,20260525,1.000000
600336.SH,澳柯玛,0.000000,20260522,20260525,1.000000
600312.SH,平高电气,0.000000,20260522,20260525,1.000000
600313.SH,农发种业,0.000000,20260522,20260525,1.000000
600315.SH,上海家化,0.000000,20260522,20260525,1.000000
600316.SH,洪都航空,0.000000,20260522,20260525,1.000000
600318.SH,新力金融,0.000000,20260522,20260525,1.000000
600319.SH,亚星化学,0.000000,20260522,20260525,1.000000
600320.SH,振华重工,0.000000,20260522,20260525,1.000000
600322.SH,津投城开,0.000000,20260522,20260525,1.000000
600323.SH,瀚蓝环境,0.000000,20260522,20260525,1.000000
600325.SH,华发股份,0.000000,20260522,20260525,1.000000
600326.SH,西藏天路,0.000000,20260522,20260525,1.000000
600327.SH,大东方,0.000000,20260522,20260525,1.000000
600328.SH,中盐化工,0.000000,20260522,20260525,1.000000
600329.SH,达仁堂,0.000000,20260522,20260525,1.000000
600330.SH,天通股份,0.000000,20260522,20260525,1.000000
600331.SH,宏达股份,0.000000,20260522,20260525,1.000000
600332.SH,白云山,0.000000,20260522,20260525,1.000000
600333.SH,长春燃气,0.000000,20260522,20260525,1.000000
600335.SH,国机汽车,0.000000,20260522,20260525,1.000000
600372.SH,中航机载,0.000000,20260522,20260525,1.000000
600375.SH,汉马科技,0.000000,20260522,20260525,1.000000
600309.SH,万华化学,0.000000,20260522,20260525,1.000000
600428.SH,中远海特,0.000000,20260522,20260525,1.000000
600410.SH,华胜天成,0.000000,20260522,20260525,1.000000
600415.SH,小商品城,0.000000,20260522,20260525,1.000000
600416.SH,湘电股份,0.000000,20260522,20260525,1.000000
600418.SH,江淮汽车,0.000000,20260522,20260525,1.000000
600419.SH,天润乳业,0.000000,20260522,20260525,1.000000
600420.SH,国药现代,0.000000,20260522,20260525,1.000000
600422.SH,昆药集团,0.000000,20260522,20260525,1.000000
600425.SH,青松建化,0.000000,20260522,20260525,1.000000
600426.SH,华鲁恒升,0.000000,20260522,20260525,1.000000
600429.SH,三元股份,0.000000,20260522,20260525,1.000000
600376.SH,首开股份,0.000000,20260522,20260525,1.000000
600433.SH,冠豪高新,0.000000,20260522,20260525,1.000000
600435.SH,北方导航,0.000000,20260522,20260525,1.000000
600436.SH,片仔癀,0.000000,20260522,20260525,1.000000
600438.SH,通威股份,0.000000,20260522,20260525,1.000000
600439.SH,瑞贝卡,0.000000,20260522,20260525,1.000000
600444.SH,国机通用,0.000000,20260522,20260525,1.000000
600446.SH,金证股份,0.000000,20260522,20260525,1.000000
600448.SH,华纺股份,0.000000,20260522,20260525,1.000000
600449.SH,宁夏建材,0.000000,20260522,20260525,1.000000
600409.SH,三友化工,0.000000,20260522,20260525,1.000000
600408.SH,安泰集团,0.000000,20260522,20260525,1.000000
600406.SH,国电南瑞,0.000000,20260522,20260525,1.000000
600405.SH,动力源,0.000000,20260522,20260525,1.000000
600377.SH,宁沪高速,0.000000,20260522,20260525,1.000000
600378.SH,昊华科技,0.000000,20260522,20260525,1.000000
600379.SH,宝光股份,0.000000,20260522,20260525,1.000000
600380.SH,健康元,0.000000,20260522,20260525,1.000000
600382.SH,广东明珠,0.000000,20260522,20260525,1.000000
600383.SH,金地集团,0.000000,20260522,20260525,1.000000
600386.SH,北巴传媒,0.000000,20260522,20260525,1.000000
600388.SH,龙净环保,0.000000,20260522,20260525,1.000000
600389.SH,江山股份,0.000000,20260522,20260525,1.000000
600390.SH,五矿资本,0.000000,20260522,20260525,1.000000
600391.SH,航发科技,0.000000,20260522,20260525,1.000000
600392.SH,盛和资源,0.000000,20260522,20260525,1.000000
600395.SH,盘江股份,0.000000,20260522,20260525,1.000000
600396.SH,华电辽能,0.000000,20260522,20260525,1.000000
600397.SH,江钨装备,0.000000,20260522,20260525,1.000000
600398.SH,海澜之家,0.000000,20260522,20260525,1.000000
600399.SH,抚顺特钢,0.000000,20260522,20260525,1.000000
600400.SH,红豆股份,0.000000,20260522,20260525,1.000000
600403.SH,大有能源,0.000000,20260522,20260525,1.000000
600310.SH,广西能源,0.000000,20260522,20260525,1.000000
600308.SH,华泰股份,0.000000,20260522,20260525,1.000000
600455.SH,博通股份,0.000000,20260522,20260525,1.000000
600217.SH,中再资环,0.000000,20260522,20260525,1.000000
600203.SH,福日电子,0.000000,20260522,20260525,1.000000
600206.SH,有研新材,0.000000,20260522,20260525,1.000000
600207.SH,安彩高科,0.000000,20260522,20260525,1.000000
600208.SH,衢州发展,0.000000,20260522,20260525,1.000000
600210.SH,紫江企业,0.000000,20260522,20260525,1.000000
600211.SH,XD西藏药,0.000000,20260522,20260525,1.000000
600212.SH,绿能慧充,0.000000,20260522,20260525,1.000000
600215.SH,派斯林,0.000000,20260522,20260525,1.000000
600216.SH,浙江医药,0.000000,20260522,20260525,1.000000
600218.SH,全柴动力,0.000000,20260522,20260525,1.000000
600233.SH,圆通速递,0.000000,20260522,20260525,1.000000
600219.SH,南山铝业,0.000000,20260522,20260525,1.000000
600221.SH,海航控股,0.000000,20260522,20260525,1.000000
600222.SH,太龙药业,0.000000,20260522,20260525,1.000000
600223.SH,福瑞达,0.000000,20260522,20260525,1.000000
600226.SH,亨通股份,0.000000,20260522,20260525,1.000000
600227.SH,赤天化,0.000000,20260522,20260525,1.000000
600229.SH,城市传媒,0.000000,20260522,20260525,1.000000
600230.SH,沧州大化,0.000000,20260522,20260525,1.000000
600231.SH,凌钢股份,0.000000,20260522,20260525,1.000000
600202.SH,哈空调,0.000000,20260522,20260525,1.000000
600201.SH,生物股份,0.000000,20260522,20260525,1.000000
600199.SH,金种子酒,0.000000,20260522,20260525,1.000000
600198.SH,大唐电信,0.000000,20260522,20260525,1.000000
600171.SH,上海贝岭,0.000000,20260522,20260525,1.000000
600172.SH,黄河旋风,0.000000,20260522,20260525,1.000000
600173.SH,卧龙新能,0.000000,20260522,20260525,1.000000
600176.SH,中国巨石,0.000000,20260522,20260525,1.000000
600177.SH,雅戈尔,0.000000,20260522,20260525,1.000000
600178.SH,东安动力,0.000000,20260522,20260525,1.000000
600179.SH,安通控股,0.000000,20260522,20260525,1.000000
600182.SH,S佳通,0.000000,20260522,20260525,1.000000
600183.SH,生益科技,0.000000,20260522,20260525,1.000000
600184.SH,光电股份,0.000000,20260522,20260525,1.000000
600185.SH,珠免集团,0.000000,20260522,20260525,1.000000
600186.SH,莲花控股,0.000000,20260522,20260525,1.000000
600188.SH,兖矿能源,0.000000,20260522,20260525,1.000000
600189.SH,泉阳泉,0.000000,20260522,20260525,1.000000
600191.SH,华资实业,0.000000,20260522,20260525,1.000000
600192.SH,长城电工,0.000000,20260522,20260525,1.000000
600195.SH,中牧股份,0.000000,20260522,20260525,1.000000
600196.SH,复星医药,0.000000,20260522,20260525,1.000000
600197.SH,伊力特,0.000000,20260522,20260525,1.000000
600232.SH,金鹰股份,0.000000,20260522,20260525,1.000000
600234.SH,科新发展,0.000000,20260522,20260525,1.000000
600307.SH,酒钢宏兴,0.000000,20260522,20260525,1.000000
600287.SH,苏豪时尚,0.000000,20260522,20260525,1.000000
600276.SH,恒瑞医药,0.000000,20260522,20260525,1.000000
600278.SH,东方创业,0.000000,20260522,20260525,1.000000
600279.SH,重庆港,0.000000,20260522,20260525,1.000000
600280.SH,中央商场,0.000000,20260522,20260525,1.000000
600281.SH,华阳新材,0.000000,20260522,20260525,1.000000
600282.SH,南钢股份,0.000000,20260522,20260525,1.000000
600283.SH,钱江水利,0.000000,20260522,20260525,1.000000
600284.SH,XD浦东建,0.000000,20260522,20260525,1.000000
600285.SH,羚锐制药,0.000000,20260522,20260525,1.000000
600288.SH,大恒科技,0.000000,20260522,20260525,1.000000
600235.SH,民丰特纸,0.000000,20260522,20260525,1.000000
600292.SH,电投水电,0.000000,20260522,20260525,1.000000
600293.SH,三峡新材,0.000000,20260522,20260525,1.000000
600295.SH,鄂尔多斯,0.000000,20260522,20260525,1.000000
600298.SH,安琪酵母,0.000000,20260522,20260525,1.000000
600299.SH,安迪苏,0.000000,20260522,20260525,1.000000
600300.SH,维维股份,0.000000,20260522,20260525,1.000000
600301.SH,华锡有色,0.000000,20260522,20260525,1.000000
600303.SH,曙光股份,0.000000,20260522,20260525,1.000000
600305.SH,恒顺醋业,0.000000,20260522,20260525,1.000000
600273.SH,嘉化能源,0.000000,20260522,20260525,1.000000
600272.SH,开开实业,0.000000,20260522,20260525,1.000000
600271.SH,航天信息,0.000000,20260522,20260525,1.000000
600269.SH,赣粤高速,0.000000,20260522,20260525,1.000000
600236.SH,桂冠电力,0.000000,20260522,20260525,1.000000
600237.SH,铜峰电子,0.000000,20260522,20260525,1.000000
600241.SH,时代万恒,0.000000,20260522,20260525,1.000000
600246.SH,万通发展,0.000000,20260522,20260525,1.000000
600248.SH,陕建股份,0.000000,20260522,20260525,1.000000
600249.SH,两面针,0.000000,20260522,20260525,1.000000
600250.SH,南京商旅,0.000000,20260522,20260525,1.000000
600251.SH,冠农股份,0.000000,20260522,20260525,1.000000
600252.SH,中恒集团,0.000000,20260522,20260525,1.000000
600255.SH,鑫科材料,0.000000,20260522,20260525,1.000000
600256.SH,广汇能源,0.000000,20260522,20260525,1.000000
600257.SH,大湖股份,0.000000,20260522,20260525,1.000000
600258.SH,首旅酒店,0.000000,20260522,20260525,1.000000
600259.SH,中稀有色,0.000000,20260522,20260525,1.000000
600261.SH,阳光照明,0.000000,20260522,20260525,1.000000
600262.SH,北方股份,0.000000,20260522,20260525,1.000000
600266.SH,城建发展,0.000000,20260522,20260525,1.000000
600267.SH,海正药业,0.000000,20260522,20260525,1.000000
600268.SH,国电南自,0.000000,20260522,20260525,1.000000
600452.SH,涪陵电力,0.000000,20260522,20260525,1.000000
600456.SH,宝钛股份,0.000000,20260522,20260525,1.000000
600704.SH,物产中大,0.000000,20260522,20260525,1.000000
600623.SH,华谊集团,0.000000,20260522,20260525,1.000000
600613.SH,神奇制药,0.000000,20260522,20260525,1.000000
600615.SH,鑫源智造,0.000000,20260522,20260525,1.000000
600616.SH,金枫酒业,0.000000,20260522,20260525,1.000000
600617.SH,国新能源,0.000000,20260522,20260525,1.000000
600618.SH,氯碱化工,0.000000,20260522,20260525,1.000000
600619.SH,海立股份,0.000000,20260522,20260525,1.000000
600620.SH,天宸股份,0.000000,20260522,20260525,1.000000
600621.SH,华鑫股份,0.000000,20260522,20260525,1.000000
600622.SH,光大嘉宝,0.000000,20260522,20260525,1.000000
600626.SH,申达股份,0.000000,20260522,20260525,1.000000
600642.SH,申能股份,0.000000,20260522,20260525,1.000000
600628.SH,新世界,0.000000,20260522,20260525,1.000000
600629.SH,华建集团,0.000000,20260522,20260525,1.000000
600630.SH,龙头股份,0.000000,20260522,20260525,1.000000
600633.SH,浙数文化,0.000000,20260522,20260525,1.000000
600635.SH,大众公用,0.000000,20260522,20260525,1.000000
600637.SH,东方明珠,0.000000,20260522,20260525,1.000000
600638.SH,新黄浦,0.000000,20260522,20260525,1.000000
600639.SH,浦东金桥,0.000000,20260522,20260525,1.000000
600640.SH,国脉文化,0.000000,20260522,20260525,1.000000
600612.SH,老凤祥,0.000000,20260522,20260525,1.000000
600611.SH,大众交通,0.000000,20260522,20260525,1.000000
600610.SH,中毅达,0.000000,20260522,20260525,1.000000
600609.SH,金杯汽车,0.000000,20260522,20260525,1.000000
600586.SH,金晶科技,0.000000,20260522,20260525,1.000000
600587.SH,新华医疗,0.000000,20260522,20260525,1.000000
600588.SH,用友网络,0.000000,20260522,20260525,1.000000
600589.SH,大位科技,0.000000,20260522,20260525,1.000000
600590.SH,泰豪科技,0.000000,20260522,20260525,1.000000
600592.SH,龙溪股份,0.000000,20260522,20260525,1.000000
600593.SH,大连圣亚,0.000000,20260522,20260525,1.000000
600594.SH,益佰制药,0.000000,20260522,20260525,1.000000
600595.SH,中孚实业,0.000000,20260522,20260525,1.000000
600596.SH,新安股份,0.000000,20260522,20260525,1.000000
600597.SH,光明乳业,0.000000,20260522,20260525,1.000000
600598.SH,北大荒,0.000000,20260522,20260525,1.000000
600600.SH,青岛啤酒,0.000000,20260522,20260525,1.000000
600601.SH,方正科技,0.000000,20260522,20260525,1.000000
600602.SH,云赛智联,0.000000,20260522,20260525,1.000000
600603.SH,广汇物流,0.000000,20260522,20260525,1.000000
600604.SH,市北高新,0.000000,20260522,20260525,1.000000
600605.SH,汇通能源,0.000000,20260522,20260525,1.000000
600606.SH,绿地控股,0.000000,20260522,20260525,1.000000
600641.SH,先导基电,0.000000,20260522,20260525,1.000000
600643.SH,爱建集团,0.000000,20260522,20260525,1.000000
600584.SH,长电科技,0.000000,20260522,20260525,1.000000
600689.SH,上海三毛,0.000000,20260522,20260525,1.000000
600676.SH,交运股份,0.000000,20260522,20260525,1.000000
600679.SH,上海凤凰,0.000000,20260522,20260525,1.000000
600681.SH,百川能源,0.000000,20260522,20260525,1.000000
600682.SH,南京新百,0.000000,20260522,20260525,1.000000
600683.SH,京投发展,0.000000,20260522,20260525,1.000000
600684.SH,珠江股份,0.000000,20260522,20260525,1.000000
600685.SH,中船防务,0.000000,20260522,20260525,1.000000
600686.SH,金龙汽车,0.000000,20260522,20260525,1.000000
600688.SH,上海石化,0.000000,20260522,20260525,1.000000
600690.SH,海尔智家,0.000000,20260522,20260525,1.000000
600644.SH,乐山电力,0.000000,20260522,20260525,1.000000
600691.SH,潞化科技,0.000000,20260522,20260525,1.000000
600692.SH,亚通股份,0.000000,20260522,20260525,1.000000
600693.SH,东百集团,0.000000,20260522,20260525,1.000000
600694.SH,大商股份,0.000000,20260522,20260525,1.000000
600697.SH,欧亚集团,0.000000,20260522,20260525,1.000000
600698.SH,湖南天雁,0.000000,20260522,20260525,1.000000
600699.SH,均胜电子,0.000000,20260522,20260525,1.000000
600702.SH,舍得酒业,0.000000,20260522,20260525,1.000000
600703.SH,三安光电,0.000000,20260522,20260525,1.000000
600675.SH,中华企业,0.000000,20260522,20260525,1.000000
600674.SH,川投能源,0.000000,20260522,20260525,1.000000
600673.SH,东阳光,0.000000,20260522,20260525,1.000000
600671.SH,天目药业,0.000000,20260522,20260525,1.000000
600645.SH,中源协和,0.000000,20260522,20260525,1.000000
600648.SH,外高桥,0.000000,20260522,20260525,1.000000
600649.SH,城投控股,0.000000,20260522,20260525,1.000000
600650.SH,锦江在线,0.000000,20260522,20260525,1.000000
600651.SH,飞乐音响,0.000000,20260522,20260525,1.000000
600653.SH,申华控股,0.000000,20260522,20260525,1.000000
600654.SH,中安科,0.000000,20260522,20260525,1.000000
600655.SH,豫园股份,0.000000,20260522,20260525,1.000000
600657.SH,信达地产,0.000000,20260522,20260525,1.000000
600658.SH,电子城,0.000000,20260522,20260525,1.000000
600660.SH,福耀玻璃,0.000000,20260522,20260525,1.000000
600661.SH,昂立教育,0.000000,20260522,20260525,1.000000
600662.SH,外服控股,0.000000,20260522,20260525,1.000000
600663.SH,陆家嘴,0.000000,20260522,20260525,1.000000
600664.SH,哈药股份,0.000000,20260522,20260525,1.000000
600665.SH,天地源,0.000000,20260522,20260525,1.000000
600666.SH,奥瑞德,0.000000,20260522,20260525,1.000000
600667.SH,太极实业,0.000000,20260522,20260525,1.000000
600668.SH,尖峰集团,0.000000,20260522,20260525,1.000000
600585.SH,海螺水泥,0.000000,20260522,20260525,1.000000
600583.SH,海油工程,0.000000,20260522,20260525,1.000000
600458.SH,时代新材,0.000000,20260522,20260525,1.000000
600506.SH,统一股份,0.000000,20260522,20260525,1.000000
600496.SH,精工钢构,0.000000,20260522,20260525,1.000000
600497.SH,驰宏锌锗,0.000000,20260522,20260525,1.000000
600498.SH,烽火通信,0.000000,20260522,20260525,1.000000
600499.SH,科达制造,0.000000,20260522,20260525,1.000000
600500.SH,中化国际,0.000000,20260522,20260525,1.000000
600501.SH,航天晨光,0.000000,20260522,20260525,1.000000
600502.SH,安徽建工,0.000000,20260522,20260525,1.000000
600503.SH,华丽家族,0.000000,20260522,20260525,1.000000
600505.SH,西昌电力,0.000000,20260522,20260525,1.000000
600507.SH,方大特钢,0.000000,20260522,20260525,1.000000
600519.SH,贵州茅台,0.000000,20260522,20260525,1.000000
600508.SH,上海能源,0.000000,20260522,20260525,1.000000
600509.SH,天富能源,0.000000,20260522,20260525,1.000000
600510.SH,黑牡丹,0.000000,20260522,20260525,1.000000
600511.SH,国药股份,0.000000,20260522,20260525,1.000000
600512.SH,腾达建设,0.000000,20260522,20260525,1.000000
600513.SH,联环药业,0.000000,20260522,20260525,1.000000
600515.SH,海南机场,0.000000,20260522,20260525,1.000000
600516.SH,方大炭素,0.000000,20260522,20260525,1.000000
600517.SH,国网英大,0.000000,20260522,20260525,1.000000
600495.SH,晋西车轴,0.000000,20260522,20260525,1.000000
600493.SH,凤竹纺织,0.000000,20260522,20260525,1.000000
600490.SH,鹏欣资源,0.000000,20260522,20260525,1.000000
600489.SH,中金黄金,0.000000,20260522,20260525,1.000000
600459.SH,贵研铂业,0.000000,20260522,20260525,1.000000
600460.SH,士兰微,0.000000,20260522,20260525,1.000000
600461.SH,洪城环境,0.000000,20260522,20260525,1.000000
600463.SH,空港股份,0.000000,20260522,20260525,1.000000
600467.SH,好当家,0.000000,20260522,20260525,1.000000
600468.SH,百利电气,0.000000,20260522,20260525,1.000000
600469.SH,风神股份,0.000000,20260522,20260525,1.000000
600470.SH,六国化工,0.000000,20260522,20260525,1.000000
600475.SH,华光环能,0.000000,20260522,20260525,1.000000
600477.SH,杭萧钢构,0.000000,20260522,20260525,1.000000
600478.SH,科力远,0.000000,20260522,20260525,1.000000
600479.SH,千金药业,0.000000,20260522,20260525,1.000000
600480.SH,凌云股份,0.000000,20260522,20260525,1.000000
600481.SH,双良节能,0.000000,20260522,20260525,1.000000
600482.SH,中国动力,0.000000,20260522,20260525,1.000000
600483.SH,福能股份,0.000000,20260522,20260525,1.000000
600486.SH,扬农化工,0.000000,20260522,20260525,1.000000
600487.SH,亨通光电,0.000000,20260522,20260525,1.000000
600488.SH,津药药业,0.000000,20260522,20260525,1.000000
600518.SH,康美药业,0.000000,20260522,20260525,1.000000
600520.SH,三佳科技,0.000000,20260522,20260525,1.000000
600582.SH,天地科技,0.000000,20260522,20260525,1.000000
600569.SH,安阳钢铁,0.000000,20260522,20260525,1.000000
600557.SH,康缘药业,0.000000,20260522,20260525,1.000000
600558.SH,大西洋,0.000000,20260522,20260525,1.000000
600559.SH,老白干酒,0.000000,20260522,20260525,1.000000
600560.SH,金自天正,0.000000,20260522,20260525,1.000000
600561.SH,江西长运,0.000000,20260522,20260525,1.000000
600562.SH,国睿科技,0.000000,20260522,20260525,1.000000
600563.SH,法拉电子,0.000000,20260522,20260525,1.000000
600566.SH,济川药业,0.000000,20260522,20260525,1.000000
600567.SH,山鹰国际,0.000000,20260522,20260525,1.000000
600570.SH,恒生电子,0.000000,20260522,20260525,1.000000
600521.SH,华海药业,0.000000,20260522,20260525,1.000000
600571.SH,信雅达,0.000000,20260522,20260525,1.000000
600572.SH,康恩贝,0.000000,20260522,20260525,1.000000
600573.SH,惠泉啤酒,0.000000,20260522,20260525,1.000000
600575.SH,淮河能源,0.000000,20260522,20260525,1.000000
600576.SH,祥源文旅,0.000000,20260522,20260525,1.000000
600577.SH,精达股份,0.000000,20260522,20260525,1.000000
600578.SH,京能电力,0.000000,20260522,20260525,1.000000
600579.SH,中化装备,0.000000,20260522,20260525,1.000000
600580.SH,卧龙电驱,0.000000,20260522,20260525,1.000000
600556.SH,天下秀,0.000000,20260522,20260525,1.000000
600552.SH,凯盛科技,0.000000,20260522,20260525,1.000000
600551.SH,时代出版,0.000000,20260522,20260525,1.000000
600550.SH,保变电气,0.000000,20260522,20260525,1.000000
600522.SH,中天科技,0.000000,20260522,20260525,1.000000
600523.SH,贵航股份,0.000000,20260522,20260525,1.000000
600526.SH,菲达环保,0.000000,20260522,20260525,1.000000
600527.SH,江南高纤,0.000000,20260522,20260525,1.000000
600528.SH,中铁工业,0.000000,20260522,20260525,1.000000
600529.SH,山东药玻,0.000000,20260522,20260525,1.000000
600530.SH,交大昂立,0.000000,20260522,20260525,1.000000
600531.SH,豫光金铅,0.000000,20260522,20260525,1.000000
600533.SH,栖霞建设,0.000000,20260522,20260525,1.000000
600535.SH,天士力,0.000000,20260522,20260525,1.000000
600536.SH,中国软件,0.000000,20260522,20260525,1.000000
600538.SH,国发股份,0.000000,20260522,20260525,1.000000
600539.SH,狮头股份,0.000000,20260522,20260525,1.000000
600540.SH,新赛股份,0.000000,20260522,20260525,1.000000
600545.SH,卓郎智能,0.000000,20260522,20260525,1.000000
600546.SH,山煤国际,0.000000,20260522,20260525,1.000000
600547.SH,山东黄金,0.000000,20260522,20260525,1.000000
600548.SH,深高速,0.000000,20260522,20260525,1.000000
600549.SH,厦门钨业,0.000000,20260522,20260525,1.000000
601800.SH,中国交建,0.000000,20260522,20260525,1.000000
601808.SH,中海油服,0.000000,20260522,20260525,1.000000
600168.SH,武汉控股,0.000000,20260522,20260525,1.000000
603717.SH,天域生物,0.000000,20260522,20260525,1.000000
603703.SH,盛洋科技,0.000000,20260522,20260525,1.000000
603706.SH,东方环宇,0.000000,20260522,20260525,1.000000
603707.SH,健友股份,0.000000,20260522,20260525,1.000000
603708.SH,家家悦,0.000000,20260522,20260525,1.000000
603709.SH,中源家居,0.000000,20260522,20260525,1.000000
603711.SH,香飘飘,0.000000,20260522,20260525,1.000000
603712.SH,七一二,0.000000,20260522,20260525,1.000000
603713.SH,密尔克卫,0.000000,20260522,20260525,1.000000
603716.SH,塞力医疗,0.000000,20260522,20260525,1.000000
603719.SH,良品铺子,0.000000,20260522,20260525,1.000000
603700.SH,宁水集团,0.000000,20260522,20260525,1.000000
603722.SH,阿科力,0.000000,20260522,20260525,1.000000
603725.SH,天安新材,0.000000,20260522,20260525,1.000000
603726.SH,朗迪集团,0.000000,20260522,20260525,1.000000
603727.SH,博迈科,0.000000,20260522,20260525,1.000000
603728.SH,鸣志电器,0.000000,20260522,20260525,1.000000
603730.SH,岱美股份,0.000000,20260522,20260525,1.000000
603733.SH,仙鹤股份,0.000000,20260522,20260525,1.000000
603737.SH,三棵树,0.000000,20260522,20260525,1.000000
603738.SH,泰晶科技,0.000000,20260522,20260525,1.000000
603701.SH,德宏股份,0.000000,20260522,20260525,1.000000
603699.SH,纽威股份,0.000000,20260522,20260525,1.000000
601811.SH,新华文轩,0.000000,20260522,20260525,1.000000
603682.SH,锦和商管,0.000000,20260522,20260525,1.000000
603667.SH,五洲新春,0.000000,20260522,20260525,1.000000
603668.SH,天马科技,0.000000,20260522,20260525,1.000000
603669.SH,灵康药业,0.000000,20260522,20260525,1.000000
603676.SH,卫信康,0.000000,20260522,20260525,1.000000
603677.SH,奇精机械,0.000000,20260522,20260525,1.000000
603678.SH,火炬电子,0.000000,20260522,20260525,1.000000
603679.SH,华体科技,0.000000,20260522,20260525,1.000000
603680.SH,今创集团,0.000000,20260522,20260525,1.000000
603681.SH,永冠新材,0.000000,20260522,20260525,1.000000
603683.SH,晶华新材,0.000000,20260522,20260525,1.000000
603698.SH,航天工程,0.000000,20260522,20260525,1.000000
603685.SH,晨丰科技,0.000000,20260522,20260525,1.000000
603686.SH,福龙马,0.000000,20260522,20260525,1.000000
603687.SH,大胜达,0.000000,20260522,20260525,1.000000
603688.SH,石英股份,0.000000,20260522,20260525,1.000000
603689.SH,皖天然气,0.000000,20260522,20260525,1.000000
603690.SH,至纯科技,0.000000,20260522,20260525,1.000000
603693.SH,江苏新能,0.000000,20260522,20260525,1.000000
603696.SH,安记食品,0.000000,20260522,20260525,1.000000
603697.SH,有友食品,0.000000,20260522,20260525,1.000000
603739.SH,蔚蓝生物,0.000000,20260522,20260525,1.000000
603755.SH,日辰股份,0.000000,20260522,20260525,1.000000
603757.SH,大元泵业,0.000000,20260522,20260525,1.000000
603833.SH,欧派家居,0.000000,20260522,20260525,1.000000
603811.SH,诚意药业,0.000000,20260522,20260525,1.000000
603815.SH,交建股份,0.000000,20260522,20260525,1.000000
603816.SH,顾家家居,0.000000,20260522,20260525,1.000000
603817.SH,海峡环保,0.000000,20260522,20260525,1.000000
603818.SH,曲美家居,0.000000,20260522,20260525,1.000000
603819.SH,神力股份,0.000000,20260522,20260525,1.000000
603823.SH,百合花,0.000000,20260522,20260525,1.000000
603826.SH,坤彩科技,0.000000,20260522,20260525,1.000000
603829.SH,洛凯股份,0.000000,20260522,20260525,1.000000
603836.SH,海程邦达,0.000000,20260522,20260525,1.000000
603758.SH,秦安股份,0.000000,20260522,20260525,1.000000
603839.SH,安正时尚,0.000000,20260522,20260525,1.000000
603848.SH,好太太,0.000000,20260522,20260525,1.000000
603855.SH,华荣股份,0.000000,20260522,20260525,1.000000
603856.SH,东宏股份,0.000000,20260522,20260525,1.000000
603858.SH,步长制药,0.000000,20260522,20260525,1.000000
603859.SH,能科科技,0.000000,20260522,20260525,1.000000
603860.SH,中公高科,0.000000,20260522,20260525,1.000000
603861.SH,白云电器,0.000000,20260522,20260525,1.000000
603863.SH,松炀资源,0.000000,20260522,20260525,1.000000
603810.SH,丰山集团,0.000000,20260522,20260525,1.000000
603809.SH,豪能股份,0.000000,20260522,20260525,1.000000
603808.SH,歌力思,0.000000,20260522,20260525,1.000000
603806.SH,福斯特,0.000000,20260522,20260525,1.000000
603759.SH,海天股份,0.000000,20260522,20260525,1.000000
603766.SH,隆鑫通用,0.000000,20260522,20260525,1.000000
603767.SH,中马传动,0.000000,20260522,20260525,1.000000
603768.SH,常青股份,0.000000,20260522,20260525,1.000000
603773.SH,沃格光电,0.000000,20260522,20260525,1.000000
603776.SH,永安行,0.000000,20260522,20260525,1.000000
603777.SH,来伊份,0.000000,20260522,20260525,1.000000
603778.SH,国晟科技,0.000000,20260522,20260525,1.000000
603779.SH,威龙股份,0.000000,20260522,20260525,1.000000
603786.SH,科博达,0.000000,20260522,20260525,1.000000
603787.SH,新日股份,0.000000,20260522,20260525,1.000000
603788.SH,宁波高发,0.000000,20260522,20260525,1.000000
603790.SH,雅运股份,0.000000,20260522,20260525,1.000000
603797.SH,联泰环保,0.000000,20260522,20260525,1.000000
603798.SH,康普顿,0.000000,20260522,20260525,1.000000
603799.SH,华友钴业,0.000000,20260522,20260525,1.000000
603800.SH,洪田股份,0.000000,20260522,20260525,1.000000
603801.SH,志邦家居,0.000000,20260522,20260525,1.000000
603803.SH,瑞斯康达,0.000000,20260522,20260525,1.000000
603666.SH,亿嘉和,0.000000,20260522,20260525,1.000000
603665.SH,康隆达,0.000000,20260522,20260525,1.000000
603663.SH,三祥新材,0.000000,20260522,20260525,1.000000
603536.SH,惠发食品,0.000000,20260522,20260525,1.000000
603518.SH,锦泓集团,0.000000,20260522,20260525,1.000000
603519.SH,立霸股份,0.000000,20260522,20260525,1.000000
603520.SH,司太立,0.000000,20260522,20260525,1.000000
603527.SH,众源新材,0.000000,20260522,20260525,1.000000
603528.SH,多伦科技,0.000000,20260522,20260525,1.000000
603529.SH,爱玛科技,0.000000,20260522,20260525,1.000000
603530.SH,神马电力,0.000000,20260522,20260525,1.000000
603533.SH,掌阅科技,0.000000,20260522,20260525,1.000000
603535.SH,嘉诚国际,0.000000,20260522,20260525,1.000000
603538.SH,美诺华,0.000000,20260522,20260525,1.000000
603579.SH,荣泰健康,0.000000,20260522,20260525,1.000000
603551.SH,奥普科技,0.000000,20260522,20260525,1.000000
603556.SH,海兴电力,0.000000,20260522,20260525,1.000000
603558.SH,健盛集团,0.000000,20260522,20260525,1.000000
603565.SH,中谷物流,0.000000,20260522,20260525,1.000000
603566.SH,普莱柯,0.000000,20260522,20260525,1.000000
603567.SH,珍宝岛,0.000000,20260522,20260525,1.000000
603568.SH,伟明环保,0.000000,20260522,20260525,1.000000
603569.SH,长久物流,0.000000,20260522,20260525,1.000000
603577.SH,汇金通,0.000000,20260522,20260525,1.000000
603516.SH,淳中科技,0.000000,20260522,20260525,1.000000
603515.SH,欧普照明,0.000000,20260522,20260525,1.000000
603511.SH,爱慕股份,0.000000,20260522,20260525,1.000000
603508.SH,XD思维列,0.000000,20260522,20260525,1.000000
603421.SH,鼎信通讯,0.000000,20260522,20260525,1.000000
603435.SH,嘉德利,0.000000,20260522,20260525,1.000000
603439.SH,三力制药,0.000000,20260522,20260525,1.000000
603444.SH,XD吉比特,0.000000,20260522,20260525,1.000000
603456.SH,九洲药业,0.000000,20260522,20260525,1.000000
603458.SH,勘设股份,0.000000,20260522,20260525,1.000000
603459.SH,红板科技,0.000000,20260522,20260525,1.000000
603466.SH,风语筑,0.000000,20260522,20260525,1.000000
603477.SH,巨星农牧,0.000000,20260522,20260525,1.000000
603486.SH,科沃斯,0.000000,20260522,20260525,1.000000
603488.SH,展鹏科技,0.000000,20260522,20260525,1.000000
603489.SH,八方股份,0.000000,20260522,20260525,1.000000
603496.SH,恒为科技,0.000000,20260522,20260525,1.000000
603499.SH,翔港科技,0.000000,20260522,20260525,1.000000
603500.SH,祥和实业,0.000000,20260522,20260525,1.000000
603501.SH,豪威集团,0.000000,20260522,20260525,1.000000
603505.SH,金石资源,0.000000,20260522,20260525,1.000000
603506.SH,南都物业,0.000000,20260522,20260525,1.000000
603507.SH,振江股份,0.000000,20260522,20260525,1.000000
603578.SH,三星新材,0.000000,20260522,20260525,1.000000
603583.SH,捷昌驱动,0.000000,20260522,20260525,1.000000
603662.SH,柯力传感,0.000000,20260522,20260525,1.000000
603638.SH,艾迪精密,0.000000,20260522,20260525,1.000000
603618.SH,杭电股份,0.000000,20260522,20260525,1.000000
603619.SH,中曼石油,0.000000,20260522,20260525,1.000000
603626.SH,科森科技,0.000000,20260522,20260525,1.000000
603628.SH,清源股份,0.000000,20260522,20260525,1.000000
603629.SH,利通电子,0.000000,20260522,20260525,1.000000
603630.SH,拉芳家化,0.000000,20260522,20260525,1.000000
603633.SH,徕木股份,0.000000,20260522,20260525,1.000000
603636.SH,南威软件,0.000000,20260522,20260525,1.000000
603637.SH,镇海股份,0.000000,20260522,20260525,1.000000
603639.SH,海利尔,0.000000,20260522,20260525,1.000000
603585.SH,苏利股份,0.000000,20260522,20260525,1.000000
603648.SH,畅联股份,0.000000,20260522,20260525,1.000000
603650.SH,彤程新材,0.000000,20260522,20260525,1.000000
603655.SH,朗博科技,0.000000,20260522,20260525,1.000000
603656.SH,泰禾智能,0.000000,20260522,20260525,1.000000
603657.SH,春光科技,0.000000,20260522,20260525,1.000000
603658.SH,安图生物,0.000000,20260522,20260525,1.000000
603659.SH,璞泰来,0.000000,20260522,20260525,1.000000
603660.SH,苏州科达,0.000000,20260522,20260525,1.000000
603661.SH,恒林股份,0.000000,20260522,20260525,1.000000
603617.SH,君禾股份,0.000000,20260522,20260525,1.000000
603616.SH,韩建河山,0.000000,20260522,20260525,1.000000
603615.SH,茶花股份,0.000000,20260522,20260525,1.000000
603613.SH,国联股份,0.000000,20260522,20260525,1.000000
603586.SH,金麒麟,0.000000,20260522,20260525,1.000000
603587.SH,地素时尚,0.000000,20260522,20260525,1.000000
603588.SH,高能环境,0.000000,20260522,20260525,1.000000
603589.SH,口子窖,0.000000,20260522,20260525,1.000000
603590.SH,康辰药业,0.000000,20260522,20260525,1.000000
603596.SH,伯特利,0.000000,20260522,20260525,1.000000
603598.SH,引力传媒,0.000000,20260522,20260525,1.000000
603599.SH,广信股份,0.000000,20260522,20260525,1.000000
603600.SH,永艺股份,0.000000,20260522,20260525,1.000000
603601.SH,再升科技,0.000000,20260522,20260525,1.000000
603602.SH,纵横通信,0.000000,20260522,20260525,1.000000
603605.SH,珀莱雅,0.000000,20260522,20260525,1.000000
603606.SH,东方电缆,0.000000,20260522,20260525,1.000000
603607.SH,京华激光,0.000000,20260522,20260525,1.000000
603608.SH,天创时尚,0.000000,20260522,20260525,1.000000
603609.SH,禾丰股份,0.000000,20260522,20260525,1.000000
603610.SH,麒盛科技,0.000000,20260522,20260525,1.000000
603611.SH,诺力股份,0.000000,20260522,20260525,1.000000
603612.SH,索通发展,0.000000,20260522,20260525,1.000000
603866.SH,桃李面包,0.000000,20260522,20260525,1.000000
603867.SH,新化股份,0.000000,20260522,20260525,1.000000
603868.SH,飞科电器,0.000000,20260522,20260525,1.000000
605179.SH,一鸣食品,0.000000,20260522,20260525,1.000000
605155.SH,西大门,0.000000,20260522,20260525,1.000000
605158.SH,华达新材,0.000000,20260522,20260525,1.000000
605162.SH,新中港,0.000000,20260522,20260525,1.000000
605166.SH,聚合顺,0.000000,20260522,20260525,1.000000
605167.SH,利柏特,0.000000,20260522,20260525,1.000000
605168.SH,三人行,0.000000,20260522,20260525,1.000000
605169.SH,洪通燃气,0.000000,20260522,20260525,1.000000
605177.SH,东亚药业,0.000000,20260522,20260525,1.000000
605178.SH,时空科技,0.000000,20260522,20260525,1.000000
605180.SH,华生科技,0.000000,20260522,20260525,1.000000
605255.SH,天普股份,0.000000,20260522,20260525,1.000000
605183.SH,确成股份,0.000000,20260522,20260525,1.000000
605186.SH,健麾信息,0.000000,20260522,20260525,1.000000
605188.SH,国光连锁,0.000000,20260522,20260525,1.000000
605189.SH,富春染织,0.000000,20260522,20260525,1.000000
605196.SH,华通线缆,0.000000,20260522,20260525,1.000000
605198.SH,安德利,0.000000,20260522,20260525,1.000000
605208.SH,永茂泰,0.000000,20260522,20260525,1.000000
605218.SH,伟时电子,0.000000,20260522,20260525,1.000000
605222.SH,起帆电缆,0.000000,20260522,20260525,1.000000
605151.SH,西上海,0.000000,20260522,20260525,1.000000
605138.SH,盛泰集团,0.000000,20260522,20260525,1.000000
605136.SH,丽人丽妆,0.000000,20260522,20260525,1.000000
605133.SH,嵘泰股份,0.000000,20260522,20260525,1.000000
605068.SH,明新旭腾,0.000000,20260522,20260525,1.000000
605069.SH,正和生态,0.000000,20260522,20260525,1.000000
605077.SH,华康股份,0.000000,20260522,20260525,1.000000
605080.SH,浙江自然,0.000000,20260522,20260525,1.000000
605086.SH,龙高股份,0.000000,20260522,20260525,1.000000
605088.SH,冠盛股份,0.000000,20260522,20260525,1.000000
605089.SH,味知香,0.000000,20260522,20260525,1.000000
605090.SH,九丰能源,0.000000,20260522,20260525,1.000000
605098.SH,行动教育,0.000000,20260522,20260525,1.000000
605099.SH,共创草坪,0.000000,20260522,20260525,1.000000
605100.SH,华丰股份,0.000000,20260522,20260525,1.000000
605108.SH,同庆楼,0.000000,20260522,20260525,1.000000
605111.SH,新洁能,0.000000,20260522,20260525,1.000000
605116.SH,奥锐特,0.000000,20260522,20260525,1.000000
605117.SH,德业股份,0.000000,20260522,20260525,1.000000
605118.SH,力鼎光电,0.000000,20260522,20260525,1.000000
605122.SH,四方新材,0.000000,20260522,20260525,1.000000
605123.SH,派克新材,0.000000,20260522,20260525,1.000000
605128.SH,上海沿浦,0.000000,20260522,20260525,1.000000
605228.SH,神通科技,0.000000,20260522,20260525,1.000000
605258.SH,协和电子,0.000000,20260522,20260525,1.000000
605060.SH,联德股份,0.000000,20260522,20260525,1.000000
605499.SH,东鹏饮料,0.000000,20260522,20260525,1.000000
605369.SH,拱东医疗,0.000000,20260522,20260525,1.000000
605376.SH,博迁新材,0.000000,20260522,20260525,1.000000
605377.SH,华旺科技,0.000000,20260522,20260525,1.000000
605378.SH,野马电池,0.000000,20260522,20260525,1.000000
605388.SH,均瑶健康,0.000000,20260522,20260525,1.000000
605389.SH,长龄液压,0.000000,20260522,20260525,1.000000
605398.SH,新炬网络,0.000000,20260522,20260525,1.000000
605399.SH,晨光新材,0.000000,20260522,20260525,1.000000
605488.SH,福莱新材,0.000000,20260522,20260525,1.000000
605500.SH,森林包装,0.000000,20260522,20260525,1.000000
605259.SH,绿田机械,0.000000,20260522,20260525,1.000000
605507.SH,国邦医药,0.000000,20260522,20260525,1.000000
605555.SH,德昌股份,0.000000,20260522,20260525,1.000000
605566.SH,福莱蒽特,0.000000,20260522,20260525,1.000000
605567.SH,春雪食品,0.000000,20260522,20260525,1.000000
605577.SH,龙版传媒,0.000000,20260522,20260525,1.000000
605580.SH,恒盛能源,0.000000,20260522,20260525,1.000000
605588.SH,冠石科技,0.000000,20260522,20260525,1.000000
605589.SH,圣泉集团,0.000000,20260522,20260525,1.000000
605598.SH,上海港湾,0.000000,20260522,20260525,1.000000
605368.SH,蓝天燃气,0.000000,20260522,20260525,1.000000
605366.SH,宏柏新材,0.000000,20260522,20260525,1.000000
605365.SH,立达信,0.000000,20260522,20260525,1.000000
605358.SH,立昂微,0.000000,20260522,20260525,1.000000
605266.SH,健之佳,0.000000,20260522,20260525,1.000000
605268.SH,王力安防,0.000000,20260522,20260525,1.000000
605277.SH,新亚电子,0.000000,20260522,20260525,1.000000
605286.SH,同力天启,0.000000,20260522,20260525,1.000000
605287.SH,德才股份,0.000000,20260522,20260525,1.000000
605288.SH,凯迪股份,0.000000,20260522,20260525,1.000000
605289.SH,DR罗曼股,0.000000,20260522,20260525,1.000000
605296.SH,神农集团,0.000000,20260522,20260525,1.000000
605298.SH,XD必得科,0.000000,20260522,20260525,1.000000
605299.SH,舒华体育,0.000000,20260522,20260525,1.000000
605300.SH,佳禾食品,0.000000,20260522,20260525,1.000000
605303.SH,园林股份,0.000000,20260522,20260525,1.000000
605305.SH,中际联合,0.000000,20260522,20260525,1.000000
605318.SH,法狮龙,0.000000,20260522,20260525,1.000000
605319.SH,无锡振华,0.000000,20260522,20260525,1.000000
605333.SH,沪光股份,0.000000,20260522,20260525,1.000000
605337.SH,李子园,0.000000,20260522,20260525,1.000000
605338.SH,巴比食品,0.000000,20260522,20260525,1.000000
605339.SH,南侨食品,0.000000,20260522,20260525,1.000000
605066.SH,天正电气,0.000000,20260522,20260525,1.000000
605058.SH,澳弘电子,0.000000,20260522,20260525,1.000000
603871.SH,嘉友国际,0.000000,20260522,20260525,1.000000
603920.SH,世运电路,0.000000,20260522,20260525,1.000000
603906.SH,龙蟠科技,0.000000,20260522,20260525,1.000000
603908.SH,牧高笛,0.000000,20260522,20260525,1.000000
603909.SH,建发合诚,0.000000,20260522,20260525,1.000000
603912.SH,佳力图,0.000000,20260522,20260525,1.000000
603915.SH,国茂股份,0.000000,20260522,20260525,1.000000
603916.SH,苏博特,0.000000,20260522,20260525,1.000000
603917.SH,合力科技,0.000000,20260522,20260525,1.000000
603918.SH,金桥信息,0.000000,20260522,20260525,1.000000
603919.SH,金徽酒,0.000000,20260522,20260525,1.000000
603926.SH,铁流股份,0.000000,20260522,20260525,1.000000
603949.SH,XD雪龙集,0.000000,20260522,20260525,1.000000
603927.SH,中科软,0.000000,20260522,20260525,1.000000
603928.SH,兴业股份,0.000000,20260522,20260525,1.000000
603929.SH,亚翔集成,0.000000,20260522,20260525,1.000000
603931.SH,格林达,0.000000,20260522,20260525,1.000000
603933.SH,睿能科技,0.000000,20260522,20260525,1.000000
603936.SH,博敏电子,0.000000,20260522,20260525,1.000000
603937.SH,丽岛新材,0.000000,20260522,20260525,1.000000
603938.SH,三孚股份,0.000000,20260522,20260525,1.000000
603939.SH,益丰药房,0.000000,20260522,20260525,1.000000
603903.SH,中持股份,0.000000,20260522,20260525,1.000000
603901.SH,永创智能,0.000000,20260522,20260525,1.000000
603900.SH,莱绅通灵,0.000000,20260522,20260525,1.000000
603899.SH,晨光股份,0.000000,20260522,20260525,1.000000
603876.SH,鼎胜新材,0.000000,20260522,20260525,1.000000
603877.SH,太平鸟,0.000000,20260522,20260525,1.000000
603878.SH,武进不锈,0.000000,20260522,20260525,1.000000
603879.SH,永悦科技,0.000000,20260522,20260525,1.000000
603880.SH,南卫股份,0.000000,20260522,20260525,1.000000
603881.SH,数据港,0.000000,20260522,20260525,1.000000
603882.SH,金域医学,0.000000,20260522,20260525,1.000000
603883.SH,老百姓,0.000000,20260522,20260525,1.000000
603885.SH,吉祥航空,0.000000,20260522,20260525,1.000000
603886.SH,元祖股份,0.000000,20260522,20260525,1.000000
603887.SH,城地香江,0.000000,20260522,20260525,1.000000
603888.SH,新华网,0.000000,20260522,20260525,1.000000
603889.SH,新澳股份,0.000000,20260522,20260525,1.000000
603890.SH,春秋电子,0.000000,20260522,20260525,1.000000
603893.SH,瑞芯微,0.000000,20260522,20260525,1.000000
603895.SH,天永智能,0.000000,20260522,20260525,1.000000
603896.SH,寿仙谷,0.000000,20260522,20260525,1.000000
603897.SH,长城科技,0.000000,20260522,20260525,1.000000
603898.SH,好莱客,0.000000,20260522,20260525,1.000000
603948.SH,建业股份,0.000000,20260522,20260525,1.000000
603950.SH,长源东谷,0.000000,20260522,20260525,1.000000
605056.SH,咸亨国际,0.000000,20260522,20260525,1.000000
605007.SH,五洲特纸,0.000000,20260522,20260525,1.000000
603993.SH,洛阳钼业,0.000000,20260522,20260525,1.000000
603995.SH,甬金股份,0.000000,20260522,20260525,1.000000
603997.SH,继峰股份,0.000000,20260522,20260525,1.000000
603998.SH,方盛制药,0.000000,20260522,20260525,1.000000
603999.SH,读者传媒,0.000000,20260522,20260525,1.000000
605001.SH,威奥股份,0.000000,20260522,20260525,1.000000
605003.SH,众望布艺,0.000000,20260522,20260525,1.000000
605005.SH,合兴股份,0.000000,20260522,20260525,1.000000
605006.SH,山东玻纤,0.000000,20260522,20260525,1.000000
605008.SH,长鸿高科,0.000000,20260522,20260525,1.000000
603955.SH,大千生态,0.000000,20260522,20260525,1.000000
605009.SH,豪悦护理,0.000000,20260522,20260525,1.000000
605011.SH,杭州热电,0.000000,20260522,20260525,1.000000
605016.SH,百龙创园,0.000000,20260522,20260525,1.000000
605018.SH,长华集团,0.000000,20260522,20260525,1.000000
605020.SH,永和股份,0.000000,20260522,20260525,1.000000
605028.SH,世茂能源,0.000000,20260522,20260525,1.000000
605033.SH,美邦股份,0.000000,20260522,20260525,1.000000
605050.SH,福然德,0.000000,20260522,20260525,1.000000
605055.SH,迎丰股份,0.000000,20260522,20260525,1.000000
603992.SH,松霖科技,0.000000,20260522,20260525,1.000000
603991.SH,至正股份,0.000000,20260522,20260525,1.000000
603990.SH,麦迪科技,0.000000,20260522,20260525,1.000000
603989.SH,艾华集团,0.000000,20260522,20260525,1.000000
603956.SH,威派格,0.000000,20260522,20260525,1.000000
603958.SH,哈森股份,0.000000,20260522,20260525,1.000000
603960.SH,克来机电,0.000000,20260522,20260525,1.000000
603966.SH,法兰泰克,0.000000,20260522,20260525,1.000000
603967.SH,中创物流,0.000000,20260522,20260525,1.000000
603968.SH,醋化股份,0.000000,20260522,20260525,1.000000
603969.SH,银龙股份,0.000000,20260522,20260525,1.000000
603970.SH,中农立华,0.000000,20260522,20260525,1.000000
603976.SH,正川股份,0.000000,20260522,20260525,1.000000
603977.SH,国泰集团,0.000000,20260522,20260525,1.000000
603978.SH,深圳新星,0.000000,20260522,20260525,1.000000
603979.SH,金诚信,0.000000,20260522,20260525,1.000000
603980.SH,吉华集团,0.000000,20260522,20260525,1.000000
603982.SH,泉峰汽车,0.000000,20260522,20260525,1.000000
603983.SH,丸美生物,0.000000,20260522,20260525,1.000000
603985.SH,恒润股份,0.000000,20260522,20260525,1.000000
603986.SH,兆易创新,0.000000,20260522,20260525,1.000000
603987.SH,康德莱,0.000000,20260522,20260525,1.000000
603988.SH,中电电机,0.000000,20260522,20260525,1.000000
603418.SH,友升股份,0.000000,20260522,20260525,1.000000
603416.SH,信捷电气,0.000000,20260522,20260525,1.000000
603409.SH,汇通控股,0.000000,20260522,20260525,1.000000
603083.SH,剑桥科技,0.000000,20260522,20260525,1.000000
603073.SH,彩蝶实业,0.000000,20260522,20260525,1.000000
603075.SH,热威股份,0.000000,20260522,20260525,1.000000
603076.SH,乐惠国际,0.000000,20260522,20260525,1.000000
603077.SH,和邦生物,0.000000,20260522,20260525,1.000000
603078.SH,江化微,0.000000,20260522,20260525,1.000000
603079.SH,圣达生物,0.000000,20260522,20260525,1.000000
603080.SH,新疆火炬,0.000000,20260522,20260525,1.000000
603081.SH,大丰实业,0.000000,20260522,20260525,1.000000
603082.SH,北自科技,0.000000,20260522,20260525,1.000000
603085.SH,天成自控,0.000000,20260522,20260525,1.000000
603097.SH,江苏华辰,0.000000,20260522,20260525,1.000000
603086.SH,先达股份,0.000000,20260522,20260525,1.000000
603087.SH,甘李药业,0.000000,20260522,20260525,1.000000
603088.SH,宁波精达,0.000000,20260522,20260525,1.000000
603089.SH,正裕工业,0.000000,20260522,20260525,1.000000
603090.SH,宏盛股份,0.000000,20260522,20260525,1.000000
603091.SH,众鑫股份,0.000000,20260522,20260525,1.000000
603092.SH,德力佳,0.000000,20260522,20260525,1.000000
603093.SH,南华期货,0.000000,20260522,20260525,1.000000
603095.SH,越剑智能,0.000000,20260522,20260525,1.000000
603072.SH,天和磁材,0.000000,20260522,20260525,1.000000
603071.SH,物产环能,0.000000,20260522,20260525,1.000000
603070.SH,万控智造,0.000000,20260522,20260525,1.000000
603069.SH,海汽集团,0.000000,20260522,20260525,1.000000
603045.SH,福达合金,0.000000,20260522,20260525,1.000000
603048.SH,浙江黎明,0.000000,20260522,20260525,1.000000
603049.SH,中策橡胶,0.000000,20260522,20260525,1.000000
603050.SH,科林电气,0.000000,20260522,20260525,1.000000
603051.SH,鹿山新材,0.000000,20260522,20260525,1.000000
603052.SH,可川科技,0.000000,20260522,20260525,1.000000
603053.SH,成都燃气,0.000000,20260522,20260525,1.000000
603055.SH,台华新材,0.000000,20260522,20260525,1.000000
603057.SH,紫燕食品,0.000000,20260522,20260525,1.000000
603058.SH,永吉股份,0.000000,20260522,20260525,1.000000
603059.SH,倍加洁,0.000000,20260522,20260525,1.000000
603060.SH,国检集团,0.000000,20260522,20260525,1.000000
603061.SH,金海通,0.000000,20260522,20260525,1.000000
603062.SH,麦加芯彩,0.000000,20260522,20260525,1.000000
603063.SH,禾望电气,0.000000,20260522,20260525,1.000000
603065.SH,宿迁联盛,0.000000,20260522,20260525,1.000000
603066.SH,音飞储存,0.000000,20260522,20260525,1.000000
603067.SH,振华股份,0.000000,20260522,20260525,1.000000
603068.SH,博通集成,0.000000,20260522,20260525,1.000000
603096.SH,新经典,0.000000,20260522,20260525,1.000000
603098.SH,森特股份,0.000000,20260522,20260525,1.000000
603042.SH,华脉科技,0.000000,20260522,20260525,1.000000
603136.SH,天目湖,0.000000,20260522,20260525,1.000000
603125.SH,常青科技,0.000000,20260522,20260525,1.000000
603126.SH,中材节能,0.000000,20260522,20260525,1.000000
603127.SH,昭衍新药,0.000000,20260522,20260525,1.000000
603128.SH,华贸物流,0.000000,20260522,20260525,1.000000
603129.SH,XD春风动,0.000000,20260522,20260525,1.000000
603130.SH,云中马,0.000000,20260522,20260525,1.000000
603131.SH,上海沪工,0.000000,20260522,20260525,1.000000
603132.SH,金徽股份,0.000000,20260522,20260525,1.000000
603135.SH,中重科技,0.000000,20260522,20260525,1.000000
603137.SH,恒尚节能,0.000000,20260522,20260525,1.000000
603099.SH,长白山,0.000000,20260522,20260525,1.000000
603138.SH,海量数据,0.000000,20260522,20260525,1.000000
603139.SH,康惠股份,0.000000,20260522,20260525,1.000000
603150.SH,万朗磁塑,0.000000,20260522,20260525,1.000000
603151.SH,邦基科技,0.000000,20260522,20260525,1.000000
603153.SH,上海建科,0.000000,20260522,20260525,1.000000
603155.SH,新亚强,0.000000,20260522,20260525,1.000000
603156.SH,养元饮品,0.000000,20260522,20260525,1.000000
603158.SH,腾龙股份,0.000000,20260522,20260525,1.000000
603159.SH,上海亚虹,0.000000,20260522,20260525,1.000000
603124.SH,江南新材,0.000000,20260522,20260525,1.000000
603123.SH,翠微股份,0.000000,20260522,20260525,1.000000
603122.SH,合富中国,0.000000,20260522,20260525,1.000000
603121.SH,华培动力,0.000000,20260522,20260525,1.000000
603100.SH,川仪股份,0.000000,20260522,20260525,1.000000
603101.SH,汇嘉时代,0.000000,20260522,20260525,1.000000
603102.SH,百合股份,0.000000,20260522,20260525,1.000000
603103.SH,横店影视,0.000000,20260522,20260525,1.000000
603105.SH,芯能科技,0.000000,20260522,20260525,1.000000
603106.SH,恒银科技,0.000000,20260522,20260525,1.000000
603107.SH,上海汽配,0.000000,20260522,20260525,1.000000
603108.SH,润达医疗,0.000000,20260522,20260525,1.000000
603109.SH,神驰机电,0.000000,20260522,20260525,1.000000
603110.SH,东方材料,0.000000,20260522,20260525,1.000000
603111.SH,康尼机电,0.000000,20260522,20260525,1.000000
603112.SH,华翔股份,0.000000,20260522,20260525,1.000000
603113.SH,金能科技,0.000000,20260522,20260525,1.000000
603115.SH,海星股份,0.000000,20260522,20260525,1.000000
603116.SH,红蜻蜓,0.000000,20260522,20260525,1.000000
603117.SH,万林物流,0.000000,20260522,20260525,1.000000
603118.SH,共进股份,0.000000,20260522,20260525,1.000000
603119.SH,浙江荣泰,0.000000,20260522,20260525,1.000000
603120.SH,肯特催化,0.000000,20260522,20260525,1.000000
603043.SH,广州酒家,0.000000,20260522,20260525,1.000000
603041.SH,美思德,0.000000,20260522,20260525,1.000000
603161.SH,科华控股,0.000000,20260522,20260525,1.000000
601929.SH,吉视传媒,0.000000,20260522,20260525,1.000000
601899.SH,紫金矿业,0.000000,20260522,20260525,1.000000
601900.SH,南方传媒,0.000000,20260522,20260525,1.000000
601901.SH,方正证券,0.000000,20260522,20260525,1.000000
601908.SH,京运通,0.000000,20260522,20260525,1.000000
601916.SH,浙商银行,0.000000,20260522,20260525,1.000000
601918.SH,新集能源,0.000000,20260522,20260525,1.000000
601919.SH,中远海控,0.000000,20260522,20260525,1.000000
601921.SH,浙版传媒,0.000000,20260522,20260525,1.000000
601928.SH,凤凰传媒,0.000000,20260522,20260525,1.000000
601933.SH,永辉超市,0.000000,20260522,20260525,1.000000
601975.SH,招商南油,0.000000,20260522,20260525,1.000000
601939.SH,建设银行,0.000000,20260522,20260525,1.000000
601949.SH,中国出版,0.000000,20260522,20260525,1.000000
601952.SH,苏垦农发,0.000000,20260522,20260525,1.000000
601956.SH,东贝集团,0.000000,20260522,20260525,1.000000
601958.SH,金钼股份,0.000000,20260522,20260525,1.000000
601963.SH,重庆银行,0.000000,20260522,20260525,1.000000
601965.SH,中国汽研,0.000000,20260522,20260525,1.000000
601966.SH,玲珑轮胎,0.000000,20260522,20260525,1.000000
601968.SH,宝钢包装,0.000000,20260522,20260525,1.000000
601898.SH,中煤能源,0.000000,20260522,20260525,1.000000
601890.SH,亚星锚链,0.000000,20260522,20260525,1.000000
601888.SH,中国中免,0.000000,20260522,20260525,1.000000
601886.SH,江河集团,0.000000,20260522,20260525,1.000000
601816.SH,京沪高铁,0.000000,20260522,20260525,1.000000
601818.SH,光大银行,0.000000,20260522,20260525,1.000000
601825.SH,沪农商行,0.000000,20260522,20260525,1.000000
601827.SH,三峰环境,0.000000,20260522,20260525,1.000000
601828.SH,美凯龙,0.000000,20260522,20260525,1.000000
601838.SH,成都银行,0.000000,20260522,20260525,1.000000
601857.SH,中国石油,0.000000,20260522,20260525,1.000000
601858.SH,中国科传,0.000000,20260522,20260525,1.000000
601860.SH,紫金银行,0.000000,20260522,20260525,1.000000
601865.SH,福莱特,0.000000,20260522,20260525,1.000000
601866.SH,中远海发,0.000000,20260522,20260525,1.000000
601868.SH,中国能建,0.000000,20260522,20260525,1.000000
601869.SH,长飞光纤,0.000000,20260522,20260525,1.000000
601872.SH,招商轮船,0.000000,20260522,20260525,1.000000
601877.SH,正泰电器,0.000000,20260522,20260525,1.000000
601878.SH,浙商证券,0.000000,20260522,20260525,1.000000
601880.SH,辽港股份,0.000000,20260522,20260525,1.000000
601881.SH,中国银河,0.000000,20260522,20260525,1.000000
601882.SH,海天精工,0.000000,20260522,20260525,1.000000
601969.SH,海南矿业,0.000000,20260522,20260525,1.000000
601985.SH,中国核电,0.000000,20260522,20260525,1.000000
603040.SH,新坐标,0.000000,20260522,20260525,1.000000
603028.SH,赛福天,0.000000,20260522,20260525,1.000000
603017.SH,中衡设计,0.000000,20260522,20260525,1.000000
603018.SH,华设集团,0.000000,20260522,20260525,1.000000
603019.SH,中科曙光,0.000000,20260522,20260525,1.000000
603020.SH,爱普股份,0.000000,20260522,20260525,1.000000
603022.SH,新通联,0.000000,20260522,20260525,1.000000
603023.SH,威帝股份,0.000000,20260522,20260525,1.000000
603025.SH,大豪科技,0.000000,20260522,20260525,1.000000
603026.SH,XD石大胜,0.000000,20260522,20260525,1.000000
603027.SH,千禾味业,0.000000,20260522,20260525,1.000000
603029.SH,天鹅股份,0.000000,20260522,20260525,1.000000
601988.SH,中国银行,0.000000,20260522,20260525,1.000000
603030.SH,全筑股份,0.000000,20260522,20260525,1.000000
603031.SH,安孚科技,0.000000,20260522,20260525,1.000000
603032.SH,德新科技,0.000000,20260522,20260525,1.000000
603033.SH,三维股份,0.000000,20260522,20260525,1.000000
603035.SH,常熟汽饰,0.000000,20260522,20260525,1.000000
603036.SH,如通股份,0.000000,20260522,20260525,1.000000
603037.SH,凯众股份,0.000000,20260522,20260525,1.000000
603038.SH,华立股份,0.000000,20260522,20260525,1.000000
603039.SH,泛微网络,0.000000,20260522,20260525,1.000000
603016.SH,新宏泰,0.000000,20260522,20260525,1.000000
603015.SH,弘讯科技,0.000000,20260522,20260525,1.000000
603014.SH,威高血净,0.000000,20260522,20260525,1.000000
603013.SH,XD亚普股,0.000000,20260522,20260525,1.000000
601990.SH,南京证券,0.000000,20260522,20260525,1.000000
601991.SH,大唐发电,0.000000,20260522,20260525,1.000000
601992.SH,金隅集团,0.000000,20260522,20260525,1.000000
601995.SH,中金公司,0.000000,20260522,20260525,1.000000
601996.SH,丰林集团,0.000000,20260522,20260525,1.000000
601997.SH,贵阳银行,0.000000,20260522,20260525,1.000000
601998.SH,中信银行,0.000000,20260522,20260525,1.000000
601999.SH,出版传媒,0.000000,20260522,20260525,1.000000
603000.SH,人民网,0.000000,20260522,20260525,1.000000
603001.SH,奥康国际,0.000000,20260522,20260525,1.000000
603002.SH,宏昌电子,0.000000,20260522,20260525,1.000000
603004.SH,鼎龙科技,0.000000,20260522,20260525,1.000000
603005.SH,晶方科技,0.000000,20260522,20260525,1.000000
603006.SH,联明股份,0.000000,20260522,20260525,1.000000
603007.SH,顺景科技,0.000000,20260522,20260525,1.000000
603009.SH,北特科技,0.000000,20260522,20260525,1.000000
603010.SH,万盛股份,0.000000,20260522,20260525,1.000000
603011.SH,合锻智能,0.000000,20260522,20260525,1.000000
603012.SH,创力集团,0.000000,20260522,20260525,1.000000
603160.SH,汇顶科技,0.000000,20260522,20260525,1.000000
603162.SH,海通发展,0.000000,20260522,20260525,1.000000
603408.SH,建霖家居,0.000000,20260522,20260525,1.000000
603324.SH,盛剑科技,0.000000,20260522,20260525,1.000000
603315.SH,福鞍股份,0.000000,20260522,20260525,1.000000
603316.SH,诚邦股份,0.000000,20260522,20260525,1.000000
603317.SH,天味食品,0.000000,20260522,20260525,1.000000
603318.SH,水发燃气,0.000000,20260522,20260525,1.000000
603319.SH,美湖股份,0.000000,20260522,20260525,1.000000
603320.SH,迪贝电气,0.000000,20260522,20260525,1.000000
603321.SH,梅轮电梯,0.000000,20260522,20260525,1.000000
603322.SH,超讯通信,0.000000,20260522,20260525,1.000000
603323.SH,苏农银行,0.000000,20260522,20260525,1.000000
603325.SH,博隆技术,0.000000,20260522,20260525,1.000000
603336.SH,宏辉果蔬,0.000000,20260522,20260525,1.000000
603326.SH,我乐家居,0.000000,20260522,20260525,1.000000
603327.SH,福蓉科技,0.000000,20260522,20260525,1.000000
603328.SH,依顿电子,0.000000,20260522,20260525,1.000000
603329.SH,上海雅仕,0.000000,20260522,20260525,1.000000
603330.SH,天洋新材,0.000000,20260522,20260525,1.000000
603331.SH,百达精工,0.000000,20260522,20260525,1.000000
603332.SH,苏州龙杰,0.000000,20260522,20260525,1.000000
603333.SH,尚纬股份,0.000000,20260522,20260525,1.000000
603334.SH,丰倍生物,0.000000,20260522,20260525,1.000000
603313.SH,梦百合,0.000000,20260522,20260525,1.000000
603312.SH,西典新能,0.000000,20260522,20260525,1.000000
603311.SH,金海高科,0.000000,20260522,20260525,1.000000
603310.SH,巍华新材,0.000000,20260522,20260525,1.000000
603285.SH,键邦股份,0.000000,20260522,20260525,1.000000
603286.SH,日盈电子,0.000000,20260522,20260525,1.000000
603288.SH,海天味业,0.000000,20260522,20260525,1.000000
603289.SH,泰瑞机器,0.000000,20260522,20260525,1.000000
603290.SH,斯达半导,0.000000,20260522,20260525,1.000000
603291.SH,联合水务,0.000000,20260522,20260525,1.000000
603293.SH,埃泰克,0.000000,20260522,20260525,1.000000
603296.SH,华勤技术,0.000000,20260522,20260525,1.000000
603297.SH,永新光学,0.000000,20260522,20260525,1.000000
603298.SH,杭叉集团,0.000000,20260522,20260525,1.000000
603299.SH,苏盐井神,0.000000,20260522,20260525,1.000000
603300.SH,海南华铁,0.000000,20260522,20260525,1.000000
603301.SH,振德医疗,0.000000,20260522,20260525,1.000000
603303.SH,得邦照明,0.000000,20260522,20260525,1.000000
603305.SH,旭升集团,0.000000,20260522,20260525,1.000000
603306.SH,华懋科技,0.000000,20260522,20260525,1.000000
603307.SH,扬州金泉,0.000000,20260522,20260525,1.000000
603308.SH,应流股份,0.000000,20260522,20260525,1.000000
603309.SH,维力医疗,0.000000,20260522,20260525,1.000000
603335.SH,迪生力,0.000000,20260522,20260525,1.000000
603337.SH,杰克科技,0.000000,20260522,20260525,1.000000
603283.SH,赛腾股份,0.000000,20260522,20260525,1.000000
603390.SH,通达电气,0.000000,20260522,20260525,1.000000
603376.SH,大明电子,0.000000,20260522,20260525,1.000000
603379.SH,三美股份,0.000000,20260522,20260525,1.000000
603380.SH,易德龙,0.000000,20260522,20260525,1.000000
603381.SH,永臻股份,0.000000,20260522,20260525,1.000000
603382.SH,海阳科技,0.000000,20260522,20260525,1.000000
603383.SH,顶点软件,0.000000,20260522,20260525,1.000000
603385.SH,惠达卫浴,0.000000,20260522,20260525,1.000000
603386.SH,骏亚科技,0.000000,20260522,20260525,1.000000
603387.SH,基蛋生物,0.000000,20260522,20260525,1.000000
603391.SH,力聚热能,0.000000,20260522,20260525,1.000000
603338.SH,浙江鼎力,0.000000,20260522,20260525,1.000000
603392.SH,万泰生物,0.000000,20260522,20260525,1.000000
603393.SH,新天然气,0.000000,20260522,20260525,1.000000
603395.SH,红四方,0.000000,20260522,20260525,1.000000
603396.SH,金辰股份,0.000000,20260522,20260525,1.000000
603399.SH,永杉锂业,0.000000,20260522,20260525,1.000000
603400.SH,华之杰,0.000000,20260522,20260525,1.000000
603402.SH,陕西旅游,0.000000,20260522,20260525,1.000000
603406.SH,天富龙,0.000000,20260522,20260525,1.000000
603407.SH,长裕集团,0.000000,20260522,20260525,1.000000
603375.SH,盛景微,0.000000,20260522,20260525,1.000000
603373.SH,安邦护卫,0.000000,20260522,20260525,1.000000
603370.SH,华新精科,0.000000,20260522,20260525,1.000000
603369.SH,今世缘,0.000000,20260522,20260525,1.000000
603339.SH,四方科技,0.000000,20260522,20260525,1.000000
603341.SH,龙旗科技,0.000000,20260522,20260525,1.000000
603344.SH,星德胜,0.000000,20260522,20260525,1.000000
603345.SH,安井食品,0.000000,20260522,20260525,1.000000
603348.SH,文灿股份,0.000000,20260522,20260525,1.000000
603350.SH,安乃达,0.000000,20260522,20260525,1.000000
603351.SH,威尔药业,0.000000,20260522,20260525,1.000000
603352.SH,至信股份,0.000000,20260522,20260525,1.000000
603353.SH,和顺石油,0.000000,20260522,20260525,1.000000
603355.SH,莱克电气,0.000000,20260522,20260525,1.000000
603356.SH,华菱精工,0.000000,20260522,20260525,1.000000
603357.SH,设计总院,0.000000,20260522,20260525,1.000000
603358.SH,华达科技,0.000000,20260522,20260525,1.000000
603360.SH,百傲化学,0.000000,20260522,20260525,1.000000
603363.SH,傲农生物,0.000000,20260522,20260525,1.000000
603365.SH,水星家纺,0.000000,20260522,20260525,1.000000
603366.SH,日出东方,0.000000,20260522,20260525,1.000000
603367.SH,辰欣药业,0.000000,20260522,20260525,1.000000
603368.SH,柳药集团,0.000000,20260522,20260525,1.000000
603284.SH,林平发展,0.000000,20260522,20260525,1.000000
603282.SH,亚光股份,0.000000,20260522,20260525,1.000000
603163.SH,圣晖集成,0.000000,20260522,20260525,1.000000
603200.SH,上海洗霸,0.000000,20260522,20260525,1.000000
603191.SH,望变电气,0.000000,20260522,20260525,1.000000
603192.SH,汇得科技,0.000000,20260522,20260525,1.000000
603193.SH,润本股份,0.000000,20260522,20260525,1.000000
603194.SH,中力股份,0.000000,20260522,20260525,1.000000
603195.SH,公牛集团,0.000000,20260522,20260525,1.000000
603196.SH,璞源材料,0.000000,20260522,20260525,1.000000
603197.SH,保隆科技,0.000000,20260522,20260525,1.000000
603198.SH,迎驾贡酒,0.000000,20260522,20260525,1.000000
603199.SH,九华旅游,0.000000,20260522,20260525,1.000000
603201.SH,常润股份,0.000000,20260522,20260525,1.000000
603213.SH,镇洋发展,0.000000,20260522,20260525,1.000000
603202.SH,天有为,0.000000,20260522,20260525,1.000000
603203.SH,快克智能,0.000000,20260522,20260525,1.000000
603205.SH,健尔康,0.000000,20260522,20260525,1.000000
603206.SH,嘉环科技,0.000000,20260522,20260525,1.000000
603207.SH,小方制药,0.000000,20260522,20260525,1.000000
603208.SH,江山欧派,0.000000,20260522,20260525,1.000000
603209.SH,兴通股份,0.000000,20260522,20260525,1.000000
603210.SH,泰鸿万立,0.000000,20260522,20260525,1.000000
603211.SH,晋拓股份,0.000000,20260522,20260525,1.000000
603190.SH,亚通精工,0.000000,20260522,20260525,1.000000
603188.SH,亚邦股份,0.000000,20260522,20260525,1.000000
603187.SH,海容冷链,0.000000,20260522,20260525,1.000000
603186.SH,华正新材,0.000000,20260522,20260525,1.000000
603165.SH,荣晟环保,0.000000,20260522,20260525,1.000000
603166.SH,福达股份,0.000000,20260522,20260525,1.000000
603167.SH,渤海轮渡,0.000000,20260522,20260525,1.000000
603168.SH,莎普爱思,0.000000,20260522,20260525,1.000000
603169.SH,兰石重装,0.000000,20260522,20260525,1.000000
603170.SH,宝立食品,0.000000,20260522,20260525,1.000000
603171.SH,税友股份,0.000000,20260522,20260525,1.000000
603172.SH,万丰股份,0.000000,20260522,20260525,1.000000
603173.SH,福斯达,0.000000,20260522,20260525,1.000000
603175.SH,超颖电子,0.000000,20260522,20260525,1.000000
603176.SH,汇通集团,0.000000,20260522,20260525,1.000000
603177.SH,德创环保,0.000000,20260522,20260525,1.000000
603178.SH,圣龙股份,0.000000,20260522,20260525,1.000000
603179.SH,新泉股份,0.000000,20260522,20260525,1.000000
603180.SH,金牌家居,0.000000,20260522,20260525,1.000000
603181.SH,皇马科技,0.000000,20260522,20260525,1.000000
603182.SH,嘉华股份,0.000000,20260522,20260525,1.000000
603183.SH,建研院,0.000000,20260522,20260525,1.000000
603185.SH,弘元绿能,0.000000,20260522,20260525,1.000000
603212.SH,赛伍技术,0.000000,20260522,20260525,1.000000
603214.SH,XD爱婴室,0.000000,20260522,20260525,1.000000
603281.SH,江瀚新材,0.000000,20260522,20260525,1.000000
603268.SH,松发股份,0.000000,20260522,20260525,1.000000
603255.SH,鼎际得,0.000000,20260522,20260525,1.000000
603256.SH,宏和科技,0.000000,20260522,20260525,1.000000
603257.SH,中国瑞林,0.000000,20260522,20260525,1.000000
603258.SH,电魂网络,0.000000,20260522,20260525,1.000000
603259.SH,药明康德,0.000000,20260522,20260525,1.000000
603260.SH,合盛硅业,0.000000,20260522,20260525,1.000000
603262.SH,技源集团,0.000000,20260522,20260525,1.000000
603266.SH,天龙股份,0.000000,20260522,20260525,1.000000
603267.SH,鸿远电子,0.000000,20260522,20260525,1.000000
603269.SH,海鸥股份,0.000000,20260522,20260525,1.000000
603215.SH,比依股份,0.000000,20260522,20260525,1.000000
603270.SH,金帝股份,0.000000,20260522,20260525,1.000000
603271.SH,永杰新材,0.000000,20260522,20260525,1.000000
603273.SH,天元智能,0.000000,20260522,20260525,1.000000
603275.SH,众辰科技,0.000000,20260522,20260525,1.000000
603276.SH,恒兴新材,0.000000,20260522,20260525,1.000000
603277.SH,银都股份,0.000000,20260522,20260525,1.000000
603278.SH,大业股份,0.000000,20260522,20260525,1.000000
603279.SH,景津装备,0.000000,20260522,20260525,1.000000
603280.SH,南方路机,0.000000,20260522,20260525,1.000000
603248.SH,锡华科技,0.000000,20260522,20260525,1.000000
603239.SH,浙江仙通,0.000000,20260522,20260525,1.000000
603238.SH,诺邦股份,0.000000,20260522,20260525,1.000000
603237.SH,五芳斋,0.000000,20260522,20260525,1.000000
603216.SH,梦天家居,0.000000,20260522,20260525,1.000000
603217.SH,元利科技,0.000000,20260522,20260525,1.000000
603218.SH,日月股份,0.000000,20260522,20260525,1.000000
603219.SH,富佳股份,0.000000,20260522,20260525,1.000000
603220.SH,中贝通信,0.000000,20260522,20260525,1.000000
603221.SH,爱丽家居,0.000000,20260522,20260525,1.000000
603222.SH,济民健康,0.000000,20260522,20260525,1.000000
603223.SH,恒通股份,0.000000,20260522,20260525,1.000000
603225.SH,新凤鸣,0.000000,20260522,20260525,1.000000
603226.SH,菲林格尔,0.000000,20260522,20260525,1.000000
603227.SH,雪峰科技,0.000000,20260522,20260525,1.000000
603228.SH,景旺电子,0.000000,20260522,20260525,1.000000
603229.SH,奥翔药业,0.000000,20260522,20260525,1.000000
603230.SH,内蒙新华,0.000000,20260522,20260525,1.000000
603231.SH,索宝蛋白,0.000000,20260522,20260525,1.000000
603232.SH,格尔软件,0.000000,20260522,20260525,1.000000
603233.SH,大参林,0.000000,20260522,20260525,1.000000
603235.SH,天新药业,0.000000,20260522,20260525,1.000000
603236.SH,移远通信,0.000000,20260522,20260525,1.000000
600170.SH,上海建工,0.000000,20260522,20260525,1.000000
600167.SH,联美控股,0.000000,20260522,20260525,1.000000
000002.SZ,万科Ａ,0.000000,20260522,20260525,1.000000
002010.SZ,传化智联,0.000000,20260522,20260525,1.000000
001965.SZ,招商公路,0.000000,20260522,20260525,1.000000
001979.SZ,招商蛇口,0.000000,20260522,20260525,1.000000
002001.SZ,新和成,0.000000,20260522,20260525,1.000000
002003.SZ,伟星股份,0.000000,20260522,20260525,1.000000
002004.SZ,华邦健康,0.000000,20260522,20260525,1.000000
002006.SZ,精工科技,0.000000,20260522,20260525,1.000000
002007.SZ,华兰生物,0.000000,20260522,20260525,1.000000
002008.SZ,大族激光,0.000000,20260522,20260525,1.000000
002009.SZ,天奇股份,0.000000,20260522,20260525,1.000000
002011.SZ,盾安环境,0.000000,20260522,20260525,1.000000
001896.SZ,豫能控股,0.000000,20260522,20260525,1.000000
002012.SZ,凯恩股份,0.000000,20260522,20260525,1.000000
002014.SZ,永新股份,0.000000,20260522,20260525,1.000000
002015.SZ,协鑫能科,0.000000,20260522,20260525,1.000000
002016.SZ,世荣兆业,0.000000,20260522,20260525,1.000000
002017.SZ,东信和平,0.000000,20260522,20260525,1.000000
002019.SZ,亿帆医药,0.000000,20260522,20260525,1.000000
002020.SZ,京新药业,0.000000,20260522,20260525,1.000000
002021.SZ,中捷资源,0.000000,20260522,20260525,1.000000
002022.SZ,科华生物,0.000000,20260522,20260525,1.000000
001914.SZ,招商积余,0.000000,20260522,20260525,1.000000
001872.SZ,招商港口,0.000000,20260522,20260525,1.000000
002293.SZ,罗莱生活,0.000000,20260522,20260525,1.000000
001382.SZ,新亚电缆,0.000000,20260522,20260525,1.000000
001366.SZ,播恩集团,0.000000,20260522,20260525,1.000000
001367.SZ,海森药业,0.000000,20260522,20260525,1.000000
001368.SZ,通达创智,0.000000,20260522,20260525,1.000000
001369.SZ,双欣材料,0.000000,20260522,20260525,1.000000
001373.SZ,翔腾新材,0.000000,20260522,20260525,1.000000
001376.SZ,百通能源,0.000000,20260522,20260525,1.000000
001378.SZ,德冠新材,0.000000,20260522,20260525,1.000000
001379.SZ,腾达科技,0.000000,20260522,20260525,1.000000
001380.SZ,华纬科技,0.000000,20260522,20260525,1.000000
001386.SZ,马可波罗,0.000000,20260522,20260525,1.000000
001696.SZ,宗申动力,0.000000,20260522,20260525,1.000000
001387.SZ,雪祺电气,0.000000,20260522,20260525,1.000000
001388.SZ,信通电子,0.000000,20260522,20260525,1.000000
001389.SZ,广合科技,0.000000,20260522,20260525,1.000000
001390.SZ,古麒绒材,0.000000,20260522,20260525,1.000000
001391.SZ,国货航,0.000000,20260522,20260525,1.000000
001393.SZ,维通利,0.000000,20260522,20260525,1.000000
001395.SZ,亚联机械,0.000000,20260522,20260525,1.000000
001396.SZ,誉帆科技,0.000000,20260522,20260525,1.000000
001400.SZ,江顺科技,0.000000,20260522,20260525,1.000000
002023.SZ,海特高新,0.000000,20260522,20260525,1.000000
002025.SZ,航天电器,0.000000,20260522,20260525,1.000000
002026.SZ,山东威达,0.000000,20260522,20260525,1.000000
002062.SZ,宏润建设,0.000000,20260522,20260525,1.000000
002051.SZ,中工国际,0.000000,20260522,20260525,1.000000
002052.SZ,同洲电子,0.000000,20260522,20260525,1.000000
002053.SZ,云南能投,0.000000,20260522,20260525,1.000000
002054.SZ,德美化工,0.000000,20260522,20260525,1.000000
002056.SZ,横店东磁,0.000000,20260522,20260525,1.000000
002057.SZ,中钢天源,0.000000,20260522,20260525,1.000000
002059.SZ,云南旅游,0.000000,20260522,20260525,1.000000
002060.SZ,广东建工,0.000000,20260522,20260525,1.000000
002061.SZ,浙江交科,0.000000,20260522,20260525,1.000000
002063.SZ,远光软件,0.000000,20260522,20260525,1.000000
002027.SZ,分众传媒,0.000000,20260522,20260525,1.000000
002064.SZ,华峰化学,0.000000,20260522,20260525,1.000000
002065.SZ,东华软件,0.000000,20260522,20260525,1.000000
002066.SZ,瑞泰科技,0.000000,20260522,20260525,1.000000
002067.SZ,景兴纸业,0.000000,20260522,20260525,1.000000
002068.SZ,黑猫股份,0.000000,20260522,20260525,1.000000
002069.SZ,獐子岛,0.000000,20260522,20260525,1.000000
002072.SZ,凯瑞德,0.000000,20260522,20260525,1.000000
002073.SZ,软控股份,0.000000,20260522,20260525,1.000000
002074.SZ,国轩高科,0.000000,20260522,20260525,1.000000
002050.SZ,三花智控,0.000000,20260522,20260525,1.000000
002049.SZ,紫光国微,0.000000,20260522,20260525,1.000000
002048.SZ,宁波华翔,0.000000,20260522,20260525,1.000000
002047.SZ,宝鹰股份,0.000000,20260522,20260525,1.000000
002028.SZ,思源电气,0.000000,20260522,20260525,1.000000
002029.SZ,七匹狼,0.000000,20260522,20260525,1.000000
002030.SZ,达安基因,0.000000,20260522,20260525,1.000000
002031.SZ,巨轮智能,0.000000,20260522,20260525,1.000000
002032.SZ,苏泊尔,0.000000,20260522,20260525,1.000000
002033.SZ,丽江股份,0.000000,20260522,20260525,1.000000
002034.SZ,旺能环境,0.000000,20260522,20260525,1.000000
002035.SZ,华帝股份,0.000000,20260522,20260525,1.000000
002036.SZ,联创电子,0.000000,20260522,20260525,1.000000
002037.SZ,保利联合,0.000000,20260522,20260525,1.000000
002038.SZ,双鹭药业,0.000000,20260522,20260525,1.000000
002039.SZ,黔源电力,0.000000,20260522,20260525,1.000000
002040.SZ,南京港,0.000000,20260522,20260525,1.000000
002041.SZ,登海种业,0.000000,20260522,20260525,1.000000
002042.SZ,华孚时尚,0.000000,20260522,20260525,1.000000
002043.SZ,兔宝宝,0.000000,20260522,20260525,1.000000
002044.SZ,美年健康,0.000000,20260522,20260525,1.000000
002045.SZ,国光电器,0.000000,20260522,20260525,1.000000
002046.SZ,国机精工,0.000000,20260522,20260525,1.000000
001365.SZ,C天海,0.000000,20260522,20260525,1.000000
001360.SZ,南矿集团,0.000000,20260522,20260525,1.000000
001359.SZ,平安电工,0.000000,20260522,20260525,1.000000
001236.SZ,弘业期货,0.000000,20260522,20260525,1.000000
001225.SZ,和泰机电,0.000000,20260522,20260525,1.000000
001226.SZ,拓山重工,0.000000,20260522,20260525,1.000000
001227.SZ,兰州银行,0.000000,20260522,20260525,1.000000
001228.SZ,永泰运,0.000000,20260522,20260525,1.000000
001229.SZ,魅视科技,0.000000,20260522,20260525,1.000000
001230.SZ,劲旅环境,0.000000,20260522,20260525,1.000000
001231.SZ,农心科技,0.000000,20260522,20260525,1.000000
001233.SZ,海安集团,0.000000,20260522,20260525,1.000000
001234.SZ,泰慕士,0.000000,20260522,20260525,1.000000
001237.SZ,N惠康,0.000000,20260522,20260525,1.000000
001268.SZ,联合精密,0.000000,20260522,20260525,1.000000
001238.SZ,浙江正特,0.000000,20260522,20260525,1.000000
001239.SZ,永达股份,0.000000,20260522,20260525,1.000000
001255.SZ,博菲电气,0.000000,20260522,20260525,1.000000
001256.SZ,炜冈科技,0.000000,20260522,20260525,1.000000
001257.SZ,盛龙股份,0.000000,20260522,20260525,1.000000
001258.SZ,立新能源,0.000000,20260522,20260525,1.000000
001259.SZ,利仁科技,0.000000,20260522,20260525,1.000000
001260.SZ,坤泰股份,0.000000,20260522,20260525,1.000000
001266.SZ,宏英智能,0.000000,20260522,20260525,1.000000
001223.SZ,欧克科技,0.000000,20260522,20260525,1.000000
001222.SZ,源飞宠物,0.000000,20260522,20260525,1.000000
001221.SZ,悍高集团,0.000000,20260522,20260525,1.000000
001220.SZ,世盟股份,0.000000,20260522,20260525,1.000000
000998.SZ,隆平高科,0.000000,20260522,20260525,1.000000
000999.SZ,华润三九,0.000000,20260522,20260525,1.000000
001201.SZ,东瑞股份,0.000000,20260522,20260525,1.000000
001202.SZ,炬申股份,0.000000,20260522,20260525,1.000000
001203.SZ,大中矿业,0.000000,20260522,20260525,1.000000
001205.SZ,盛航股份,0.000000,20260522,20260525,1.000000
001206.SZ,依依股份,0.000000,20260522,20260525,1.000000
001207.SZ,联科科技,0.000000,20260522,20260525,1.000000
001208.SZ,华菱线缆,0.000000,20260522,20260525,1.000000
001209.SZ,洪兴股份,0.000000,20260522,20260525,1.000000
001210.SZ,金房能源,0.000000,20260522,20260525,1.000000
001211.SZ,双枪科技,0.000000,20260522,20260525,1.000000
001212.SZ,中旗新材,0.000000,20260522,20260525,1.000000
001213.SZ,中铁特货,0.000000,20260522,20260525,1.000000
001215.SZ,千味央厨,0.000000,20260522,20260525,1.000000
001216.SZ,华瓷股份,0.000000,20260522,20260525,1.000000
001217.SZ,华尔泰,0.000000,20260522,20260525,1.000000
001218.SZ,丽臣实业,0.000000,20260522,20260525,1.000000
001219.SZ,青岛食品,0.000000,20260522,20260525,1.000000
001267.SZ,汇绿生态,0.000000,20260522,20260525,1.000000
001269.SZ,欧晶科技,0.000000,20260522,20260525,1.000000
001358.SZ,兴欣新材,0.000000,20260522,20260525,1.000000
001328.SZ,登康口腔,0.000000,20260522,20260525,1.000000
001316.SZ,润贝航科,0.000000,20260522,20260525,1.000000
001317.SZ,三羊马,0.000000,20260522,20260525,1.000000
001318.SZ,阳光乳业,0.000000,20260522,20260525,1.000000
001319.SZ,铭科精技,0.000000,20260522,20260525,1.000000
001322.SZ,箭牌家居,0.000000,20260522,20260525,1.000000
001323.SZ,慕思股份,0.000000,20260522,20260525,1.000000
001324.SZ,长青科技,0.000000,20260522,20260525,1.000000
001325.SZ,元创股份,0.000000,20260522,20260525,1.000000
001326.SZ,联域股份,0.000000,20260522,20260525,1.000000
001330.SZ,博纳影业,0.000000,20260522,20260525,1.000000
001270.SZ,铖昌科技,0.000000,20260522,20260525,1.000000
001331.SZ,胜通能源,0.000000,20260522,20260525,1.000000
001332.SZ,锡装股份,0.000000,20260522,20260525,1.000000
001333.SZ,光华股份,0.000000,20260522,20260525,1.000000
001335.SZ,信凯科技,0.000000,20260522,20260525,1.000000
001336.SZ,楚环科技,0.000000,20260522,20260525,1.000000
001337.SZ,四川黄金,0.000000,20260522,20260525,1.000000
001338.SZ,永顺泰,0.000000,20260522,20260525,1.000000
001339.SZ,智微智能,0.000000,20260522,20260525,1.000000
001356.SZ,富岭股份,0.000000,20260522,20260525,1.000000
001314.SZ,亿道信息,0.000000,20260522,20260525,1.000000
001313.SZ,粤海饲料,0.000000,20260522,20260525,1.000000
001312.SZ,福恩股份,0.000000,20260522,20260525,1.000000
001311.SZ,多利科技,0.000000,20260522,20260525,1.000000
001277.SZ,速达股份,0.000000,20260522,20260525,1.000000
001278.SZ,一彬科技,0.000000,20260522,20260525,1.000000
001279.SZ,强邦新材,0.000000,20260522,20260525,1.000000
001280.SZ,中国铀业,0.000000,20260522,20260525,1.000000
001282.SZ,三联锻造,0.000000,20260522,20260525,1.000000
001283.SZ,豪鹏科技,0.000000,20260522,20260525,1.000000
001285.SZ,瑞立科密,0.000000,20260522,20260525,1.000000
001286.SZ,陕西能源,0.000000,20260522,20260525,1.000000
001287.SZ,中电港,0.000000,20260522,20260525,1.000000
001288.SZ,运机集团,0.000000,20260522,20260525,1.000000
001289.SZ,龙源电力,0.000000,20260522,20260525,1.000000
001296.SZ,长江材料,0.000000,20260522,20260525,1.000000
001298.SZ,好上好,0.000000,20260522,20260525,1.000000
001299.SZ,美能能源,0.000000,20260522,20260525,1.000000
001300.SZ,三柏硕,0.000000,20260522,20260525,1.000000
001301.SZ,尚太科技,0.000000,20260522,20260525,1.000000
001306.SZ,夏厦精密,0.000000,20260522,20260525,1.000000
001308.SZ,康冠科技,0.000000,20260522,20260525,1.000000
001309.SZ,德明利,0.000000,20260522,20260525,1.000000
002075.SZ,沙钢股份,0.000000,20260522,20260525,1.000000
002077.SZ,大港股份,0.000000,20260522,20260525,1.000000
002078.SZ,太阳纸业,0.000000,20260522,20260525,1.000000
002226.SZ,江南化工,0.000000,20260522,20260525,1.000000
002216.SZ,三全食品,0.000000,20260522,20260525,1.000000
002217.SZ,合力泰,0.000000,20260522,20260525,1.000000
002218.SZ,拓日新能,0.000000,20260522,20260525,1.000000
002219.SZ,新里程,0.000000,20260522,20260525,1.000000
002221.SZ,东华能源,0.000000,20260522,20260525,1.000000
002222.SZ,福晶科技,0.000000,20260522,20260525,1.000000
002223.SZ,鱼跃医疗,0.000000,20260522,20260525,1.000000
002224.SZ,三力士,0.000000,20260522,20260525,1.000000
002225.SZ,濮耐股份,0.000000,20260522,20260525,1.000000
002228.SZ,合兴包装,0.000000,20260522,20260525,1.000000
002240.SZ,盛新锂能,0.000000,20260522,20260525,1.000000
002229.SZ,鸿博股份,0.000000,20260522,20260525,1.000000
002230.SZ,科大讯飞,0.000000,20260522,20260525,1.000000
002232.SZ,启明信息,0.000000,20260522,20260525,1.000000
002233.SZ,塔牌集团,0.000000,20260522,20260525,1.000000
002234.SZ,民和股份,0.000000,20260522,20260525,1.000000
002235.SZ,安妮股份,0.000000,20260522,20260525,1.000000
002236.SZ,大华股份,0.000000,20260522,20260525,1.000000
002237.SZ,恒邦股份,0.000000,20260522,20260525,1.000000
002238.SZ,天威视讯,0.000000,20260522,20260525,1.000000
002215.SZ,诺普信,0.000000,20260522,20260525,1.000000
002213.SZ,大为股份,0.000000,20260522,20260525,1.000000
002212.SZ,天融信,0.000000,20260522,20260525,1.000000
002210.SZ,飞马国际,0.000000,20260522,20260525,1.000000
002186.SZ,全聚德,0.000000,20260522,20260525,1.000000
002187.SZ,广百股份,0.000000,20260522,20260525,1.000000
002188.SZ,中天服务,0.000000,20260522,20260525,1.000000
002189.SZ,中光学,0.000000,20260522,20260525,1.000000
002190.SZ,成飞集成,0.000000,20260522,20260525,1.000000
002191.SZ,劲嘉股份,0.000000,20260522,20260525,1.000000
002192.SZ,融捷股份,0.000000,20260522,20260525,1.000000
002194.SZ,武汉凡谷,0.000000,20260522,20260525,1.000000
002195.SZ,岩山科技,0.000000,20260522,20260525,1.000000
002196.SZ,方正电机,0.000000,20260522,20260525,1.000000
002197.SZ,证通电子,0.000000,20260522,20260525,1.000000
002201.SZ,九鼎新材,0.000000,20260522,20260525,1.000000
002202.SZ,金风科技,0.000000,20260522,20260525,1.000000
002203.SZ,海亮股份,0.000000,20260522,20260525,1.000000
002204.SZ,大连重工,0.000000,20260522,20260525,1.000000
002205.SZ,国统股份,0.000000,20260522,20260525,1.000000
002206.SZ,海利得,0.000000,20260522,20260525,1.000000
002208.SZ,合肥城建,0.000000,20260522,20260525,1.000000
002209.SZ,达意隆,0.000000,20260522,20260525,1.000000
002239.SZ,奥特佳,0.000000,20260522,20260525,1.000000
002241.SZ,歌尔股份,0.000000,20260522,20260525,1.000000
002184.SZ,海得控制,0.000000,20260522,20260525,1.000000
002278.SZ,神开股份,0.000000,20260522,20260525,1.000000
002269.SZ,美邦服饰,0.000000,20260522,20260525,1.000000
002270.SZ,华明装备,0.000000,20260522,20260525,1.000000
002271.SZ,东方雨虹,0.000000,20260522,20260525,1.000000
002272.SZ,川润股份,0.000000,20260522,20260525,1.000000
002273.SZ,水晶光电,0.000000,20260522,20260525,1.000000
002274.SZ,华昌化工,0.000000,20260522,20260525,1.000000
002275.SZ,桂林三金,0.000000,20260522,20260525,1.000000
002276.SZ,万马股份,0.000000,20260522,20260525,1.000000
002277.SZ,友阿股份,0.000000,20260522,20260525,1.000000
002279.SZ,久其软件,0.000000,20260522,20260525,1.000000
002242.SZ,九阳股份,0.000000,20260522,20260525,1.000000
002281.SZ,光迅科技,0.000000,20260522,20260525,1.000000
002282.SZ,博深股份,0.000000,20260522,20260525,1.000000
002283.SZ,天润工业,0.000000,20260522,20260525,1.000000
002284.SZ,亚太股份,0.000000,20260522,20260525,1.000000
002285.SZ,世联行,0.000000,20260522,20260525,1.000000
002286.SZ,保龄宝,0.000000,20260522,20260525,1.000000
002287.SZ,奇正藏药,0.000000,20260522,20260525,1.000000
002290.SZ,禾盛新材,0.000000,20260522,20260525,1.000000
002291.SZ,遥望科技,0.000000,20260522,20260525,1.000000
002268.SZ,电科网安,0.000000,20260522,20260525,1.000000
002267.SZ,陕天然气,0.000000,20260522,20260525,1.000000
002266.SZ,浙富控股,0.000000,20260522,20260525,1.000000
002265.SZ,建设工业,0.000000,20260522,20260525,1.000000
002243.SZ,力合科创,0.000000,20260522,20260525,1.000000
002244.SZ,滨江集团,0.000000,20260522,20260525,1.000000
002245.SZ,蔚蓝锂芯,0.000000,20260522,20260525,1.000000
002246.SZ,北化股份,0.000000,20260522,20260525,1.000000
002247.SZ,聚力文化,0.000000,20260522,20260525,1.000000
002248.SZ,华东数控,0.000000,20260522,20260525,1.000000
002249.SZ,大洋电机,0.000000,20260522,20260525,1.000000
002250.SZ,联化科技,0.000000,20260522,20260525,1.000000
002251.SZ,步步高,0.000000,20260522,20260525,1.000000
002252.SZ,上海莱士,0.000000,20260522,20260525,1.000000
002254.SZ,泰和新材,0.000000,20260522,20260525,1.000000
002255.SZ,海陆重工,0.000000,20260522,20260525,1.000000
002256.SZ,兆新股份,0.000000,20260522,20260525,1.000000
002258.SZ,利尔化学,0.000000,20260522,20260525,1.000000
002259.SZ,升达林业,0.000000,20260522,20260525,1.000000
002261.SZ,拓维信息,0.000000,20260522,20260525,1.000000
002262.SZ,恩华药业,0.000000,20260522,20260525,1.000000
002263.SZ,大东南,0.000000,20260522,20260525,1.000000
002264.SZ,新华都,0.000000,20260522,20260525,1.000000
002185.SZ,华天科技,0.000000,20260522,20260525,1.000000
002183.SZ,怡亚通,0.000000,20260522,20260525,1.000000
002079.SZ,苏州固锝,0.000000,20260522,20260525,1.000000
002119.SZ,康强电子,0.000000,20260522,20260525,1.000000
002107.SZ,沃华医药,0.000000,20260522,20260525,1.000000
002108.SZ,沧州明珠,0.000000,20260522,20260525,1.000000
002110.SZ,三钢闽光,0.000000,20260522,20260525,1.000000
002111.SZ,威海广泰,0.000000,20260522,20260525,1.000000
002112.SZ,三变科技,0.000000,20260522,20260525,1.000000
002114.SZ,罗平锌电,0.000000,20260522,20260525,1.000000
002115.SZ,三维通信,0.000000,20260522,20260525,1.000000
002116.SZ,中国海诚,0.000000,20260522,20260525,1.000000
002117.SZ,东港股份,0.000000,20260522,20260525,1.000000
002120.SZ,韵达股份,0.000000,20260522,20260525,1.000000
002132.SZ,恒星科技,0.000000,20260522,20260525,1.000000
002121.SZ,科陆电子,0.000000,20260522,20260525,1.000000
002123.SZ,梦网科技,0.000000,20260522,20260525,1.000000
002124.SZ,天邦食品,0.000000,20260522,20260525,1.000000
002125.SZ,湘潭电化,0.000000,20260522,20260525,1.000000
002126.SZ,银轮股份,0.000000,20260522,20260525,1.000000
002127.SZ,南极电商,0.000000,20260522,20260525,1.000000
002128.SZ,电投能源,0.000000,20260522,20260525,1.000000
002129.SZ,TCL中环,0.000000,20260522,20260525,1.000000
002130.SZ,沃尔核材,0.000000,20260522,20260525,1.000000
002106.SZ,莱宝高科,0.000000,20260522,20260525,1.000000
002105.SZ,信隆健康,0.000000,20260522,20260525,1.000000
002104.SZ,恒宝股份,0.000000,20260522,20260525,1.000000
002103.SZ,广博股份,0.000000,20260522,20260525,1.000000
002080.SZ,中材科技,0.000000,20260522,20260525,1.000000
002081.SZ,金螳螂,0.000000,20260522,20260525,1.000000
002083.SZ,孚日股份,0.000000,20260522,20260525,1.000000
002084.SZ,海鸥住工,0.000000,20260522,20260525,1.000000
002085.SZ,万丰奥威,0.000000,20260522,20260525,1.000000
002086.SZ,东方海洋,0.000000,20260522,20260525,1.000000
002088.SZ,鲁阳节能,0.000000,20260522,20260525,1.000000
002090.SZ,金智科技,0.000000,20260522,20260525,1.000000
002091.SZ,江苏国泰,0.000000,20260522,20260525,1.000000
002092.SZ,中泰化学,0.000000,20260522,20260525,1.000000
002093.SZ,国脉科技,0.000000,20260522,20260525,1.000000
002094.SZ,青岛金王,0.000000,20260522,20260525,1.000000
002095.SZ,生意宝,0.000000,20260522,20260525,1.000000
002096.SZ,易普力,0.000000,20260522,20260525,1.000000
002097.SZ,山河智能,0.000000,20260522,20260525,1.000000
002098.SZ,浔兴股份,0.000000,20260522,20260525,1.000000
002099.SZ,海翔药业,0.000000,20260522,20260525,1.000000
002100.SZ,天康生物,0.000000,20260522,20260525,1.000000
002101.SZ,广东鸿图,0.000000,20260522,20260525,1.000000
002131.SZ,利欧股份,0.000000,20260522,20260525,1.000000
002133.SZ,广宇集团,0.000000,20260522,20260525,1.000000
002182.SZ,宝武镁业,0.000000,20260522,20260525,1.000000
002170.SZ,芭田股份,0.000000,20260522,20260525,1.000000
002160.SZ,常铝股份,0.000000,20260522,20260525,1.000000
002161.SZ,远望谷,0.000000,20260522,20260525,1.000000
002162.SZ,悦心健康,0.000000,20260522,20260525,1.000000
002163.SZ,海南发展,0.000000,20260522,20260525,1.000000
002164.SZ,宁波东力,0.000000,20260522,20260525,1.000000
002165.SZ,红宝丽,0.000000,20260522,20260525,1.000000
002166.SZ,莱茵生物,0.000000,20260522,20260525,1.000000
002167.SZ,东方锆业,0.000000,20260522,20260525,1.000000
002169.SZ,智光电气,0.000000,20260522,20260525,1.000000
002171.SZ,楚江新材,0.000000,20260522,20260525,1.000000
002134.SZ,天津普林,0.000000,20260522,20260525,1.000000
002172.SZ,澳洋健康,0.000000,20260522,20260525,1.000000
002173.SZ,创新医疗,0.000000,20260522,20260525,1.000000
002174.SZ,游族网络,0.000000,20260522,20260525,1.000000
002176.SZ,江特电机,0.000000,20260522,20260525,1.000000
002177.SZ,御银股份,0.000000,20260522,20260525,1.000000
002178.SZ,延华智能,0.000000,20260522,20260525,1.000000
002179.SZ,中航光电,0.000000,20260522,20260525,1.000000
002180.SZ,奔图科技,0.000000,20260522,20260525,1.000000
002181.SZ,粤传媒,0.000000,20260522,20260525,1.000000
002159.SZ,三特索道,0.000000,20260522,20260525,1.000000
002158.SZ,汉钟精机,0.000000,20260522,20260525,1.000000
002157.SZ,正邦科技,0.000000,20260522,20260525,1.000000
002156.SZ,通富微电,0.000000,20260522,20260525,1.000000
002135.SZ,东南网架,0.000000,20260522,20260525,1.000000
002136.SZ,安纳达,0.000000,20260522,20260525,1.000000
002137.SZ,实益达,0.000000,20260522,20260525,1.000000
002138.SZ,顺络电子,0.000000,20260522,20260525,1.000000
002139.SZ,拓邦股份,0.000000,20260522,20260525,1.000000
002140.SZ,东华科技,0.000000,20260522,20260525,1.000000
002141.SZ,贤丰控股,0.000000,20260522,20260525,1.000000
002142.SZ,宁波银行,0.000000,20260522,20260525,1.000000
002144.SZ,宏达高科,0.000000,20260522,20260525,1.000000
002145.SZ,钛能化学,0.000000,20260522,20260525,1.000000
002146.SZ,荣盛发展,0.000000,20260522,20260525,1.000000
002148.SZ,北纬科技,0.000000,20260522,20260525,1.000000
002149.SZ,西部材料,0.000000,20260522,20260525,1.000000
002150.SZ,正泰电源,0.000000,20260522,20260525,1.000000
002151.SZ,北斗星通,0.000000,20260522,20260525,1.000000
002152.SZ,广电运通,0.000000,20260522,20260525,1.000000
002153.SZ,石基信息,0.000000,20260522,20260525,1.000000
002154.SZ,报喜鸟,0.000000,20260522,20260525,1.000000
002155.SZ,湖南黄金,0.000000,20260522,20260525,1.000000
000997.SZ,新大陆,0.000000,20260522,20260525,1.000000
000995.SZ,皇台酒业,0.000000,20260522,20260525,1.000000
000993.SZ,闽东电力,0.000000,20260522,20260525,1.000000
000559.SZ,万向钱潮,0.000000,20260522,20260525,1.000000
000548.SZ,湖南投资,0.000000,20260522,20260525,1.000000
000550.SZ,江铃汽车,0.000000,20260522,20260525,1.000000
000551.SZ,创元科技,0.000000,20260522,20260525,1.000000
000552.SZ,甘肃能化,0.000000,20260522,20260525,1.000000
000553.SZ,安道麦A,0.000000,20260522,20260525,1.000000
000554.SZ,泰山石油,0.000000,20260522,20260525,1.000000
000555.SZ,神州信息,0.000000,20260522,20260525,1.000000
000557.SZ,西部创业,0.000000,20260522,20260525,1.000000
000558.SZ,天府文旅,0.000000,20260522,20260525,1.000000
000560.SZ,我爱我家,0.000000,20260522,20260525,1.000000
000573.SZ,粤宏远Ａ,0.000000,20260522,20260525,1.000000
000561.SZ,烽火电子,0.000000,20260522,20260525,1.000000
000563.SZ,陕国投Ａ,0.000000,20260522,20260525,1.000000
000564.SZ,供销大集,0.000000,20260522,20260525,1.000000
000565.SZ,渝三峡Ａ,0.000000,20260522,20260525,1.000000
000566.SZ,海南海药,0.000000,20260522,20260525,1.000000
000567.SZ,海德股份,0.000000,20260522,20260525,1.000000
000568.SZ,泸州老窖,0.000000,20260522,20260525,1.000000
000570.SZ,苏常柴Ａ,0.000000,20260522,20260525,1.000000
000571.SZ,新大洲A,0.000000,20260522,20260525,1.000000
000547.SZ,航天发展,0.000000,20260522,20260525,1.000000
000546.SZ,金圆股份,0.000000,20260522,20260525,1.000000
000545.SZ,金浦钛业,0.000000,20260522,20260525,1.000000
000544.SZ,中原环保,0.000000,20260522,20260525,1.000000
000520.SZ,凤凰航运,0.000000,20260522,20260525,1.000000
000521.SZ,长虹美菱,0.000000,20260522,20260525,1.000000
000523.SZ,红棉股份,0.000000,20260522,20260525,1.000000
000524.SZ,岭南控股,0.000000,20260522,20260525,1.000000
000525.SZ,红太阳,0.000000,20260522,20260525,1.000000
000526.SZ,学大教育,0.000000,20260522,20260525,1.000000
000528.SZ,柳工,0.000000,20260522,20260525,1.000000
000529.SZ,广弘控股,0.000000,20260522,20260525,1.000000
000530.SZ,冰山冷热,0.000000,20260522,20260525,1.000000
000531.SZ,穗恒运Ａ,0.000000,20260522,20260525,1.000000
000532.SZ,华金资本,0.000000,20260522,20260525,1.000000
000533.SZ,顺钠股份,0.000000,20260522,20260525,1.000000
000534.SZ,万泽股份,0.000000,20260522,20260525,1.000000
000536.SZ,华映科技,0.000000,20260522,20260525,1.000000
000537.SZ,绿发电力,0.000000,20260522,20260525,1.000000
000538.SZ,云南白药,0.000000,20260522,20260525,1.000000
000539.SZ,粤电力Ａ,0.000000,20260522,20260525,1.000000
000541.SZ,佛山照明,0.000000,20260522,20260525,1.000000
000543.SZ,皖能电力,0.000000,20260522,20260525,1.000000
000572.SZ,海马汽车,0.000000,20260522,20260525,1.000000
000576.SZ,甘化科工,0.000000,20260522,20260525,1.000000
000518.SZ,四环生物,0.000000,20260522,20260525,1.000000
000650.SZ,仁和药业,0.000000,20260522,20260525,1.000000
000626.SZ,远大控股,0.000000,20260522,20260525,1.000000
000628.SZ,高新发展,0.000000,20260522,20260525,1.000000
000629.SZ,钒钛股份,0.000000,20260522,20260525,1.000000
000630.SZ,铜陵有色,0.000000,20260522,20260525,1.000000
000631.SZ,顺发恒能,0.000000,20260522,20260525,1.000000
000633.SZ,合金投资,0.000000,20260522,20260525,1.000000
000635.SZ,英力特,0.000000,20260522,20260525,1.000000
000636.SZ,风华高科,0.000000,20260522,20260525,1.000000
000637.SZ,茂化实华,0.000000,20260522,20260525,1.000000
000651.SZ,格力电器,0.000000,20260522,20260525,1.000000
000581.SZ,威孚高科,0.000000,20260522,20260525,1.000000
000652.SZ,泰达股份,0.000000,20260522,20260525,1.000000
000655.SZ,金岭矿业,0.000000,20260522,20260525,1.000000
000657.SZ,中钨高新,0.000000,20260522,20260525,1.000000
000659.SZ,珠海中富,0.000000,20260522,20260525,1.000000
000661.SZ,长春高新,0.000000,20260522,20260525,1.000000
000663.SZ,永安林业,0.000000,20260522,20260525,1.000000
000665.SZ,湖北广电,0.000000,20260522,20260525,1.000000
000670.SZ,盈方微,0.000000,20260522,20260525,1.000000
000672.SZ,上峰水泥,0.000000,20260522,20260525,1.000000
000625.SZ,长安汽车,0.000000,20260522,20260525,1.000000
000623.SZ,吉林敖东,0.000000,20260522,20260525,1.000000
000620.SZ,盈新发展,0.000000,20260522,20260525,1.000000
000619.SZ,海螺新材,0.000000,20260522,20260525,1.000000
000582.SZ,北部湾港,0.000000,20260522,20260525,1.000000
000586.SZ,汇源通信,0.000000,20260522,20260525,1.000000
000589.SZ,贵州轮胎,0.000000,20260522,20260525,1.000000
000590.SZ,古汉医药,0.000000,20260522,20260525,1.000000
000591.SZ,太阳能,0.000000,20260522,20260525,1.000000
000592.SZ,平潭发展,0.000000,20260522,20260525,1.000000
000593.SZ,德龙汇能,0.000000,20260522,20260525,1.000000
000596.SZ,古井贡酒,0.000000,20260522,20260525,1.000000
000597.SZ,东北制药,0.000000,20260522,20260525,1.000000
000598.SZ,兴蓉环境,0.000000,20260522,20260525,1.000000
000599.SZ,青岛双星,0.000000,20260522,20260525,1.000000
000600.SZ,建投能源,0.000000,20260522,20260525,1.000000
000601.SZ,韶能股份,0.000000,20260522,20260525,1.000000
000603.SZ,盛达资源,0.000000,20260522,20260525,1.000000
000605.SZ,渤海股份,0.000000,20260522,20260525,1.000000
000607.SZ,华媒控股,0.000000,20260522,20260525,1.000000
000608.SZ,阳光股份,0.000000,20260522,20260525,1.000000
000612.SZ,焦作万方,0.000000,20260522,20260525,1.000000
000617.SZ,中油资本,0.000000,20260522,20260525,1.000000
000519.SZ,中兵红箭,0.000000,20260522,20260525,1.000000
000517.SZ,荣安地产,0.000000,20260522,20260525,1.000000
000678.SZ,襄阳轴承,0.000000,20260522,20260525,1.000000
000060.SZ,中金岭南,0.000000,20260522,20260525,1.000000
000039.SZ,中集集团,0.000000,20260522,20260525,1.000000
000042.SZ,中洲控股,0.000000,20260522,20260525,1.000000
000045.SZ,深纺织Ａ,0.000000,20260522,20260525,1.000000
000048.SZ,京基智农,0.000000,20260522,20260525,1.000000
000049.SZ,德赛电池,0.000000,20260522,20260525,1.000000
000050.SZ,深天马Ａ,0.000000,20260522,20260525,1.000000
000055.SZ,方大集团,0.000000,20260522,20260525,1.000000
000058.SZ,深赛格,0.000000,20260522,20260525,1.000000
000059.SZ,华锦股份,0.000000,20260522,20260525,1.000000
000061.SZ,农产品,0.000000,20260522,20260525,1.000000
000096.SZ,广聚能源,0.000000,20260522,20260525,1.000000
000062.SZ,深圳华强,0.000000,20260522,20260525,1.000000
000063.SZ,中兴通讯,0.000000,20260522,20260525,1.000000
000065.SZ,北方国际,0.000000,20260522,20260525,1.000000
000066.SZ,中国长城,0.000000,20260522,20260525,1.000000
000068.SZ,华控赛格,0.000000,20260522,20260525,1.000000
000069.SZ,华侨城Ａ,0.000000,20260522,20260525,1.000000
000070.SZ,特发信息,0.000000,20260522,20260525,1.000000
000088.SZ,盐田港,0.000000,20260522,20260525,1.000000
000089.SZ,深圳机场,0.000000,20260522,20260525,1.000000
000037.SZ,深南电A,0.000000,20260522,20260525,1.000000
000036.SZ,华联控股,0.000000,20260522,20260525,1.000000
000035.SZ,中国天楹,0.000000,20260522,20260525,1.000000
000034.SZ,神州数码,0.000000,20260522,20260525,1.000000
000006.SZ,深振业Ａ,0.000000,20260522,20260525,1.000000
000007.SZ,全新好,0.000000,20260522,20260525,1.000000
000008.SZ,神州高铁,0.000000,20260522,20260525,1.000000
000009.SZ,中国宝安,0.000000,20260522,20260525,1.000000
000011.SZ,深物业A,0.000000,20260522,20260525,1.000000
000012.SZ,南玻Ａ,0.000000,20260522,20260525,1.000000
000014.SZ,沙河股份,0.000000,20260522,20260525,1.000000
000017.SZ,深中华A,0.000000,20260522,20260525,1.000000
000019.SZ,深粮控股,0.000000,20260522,20260525,1.000000
000020.SZ,深华发Ａ,0.000000,20260522,20260525,1.000000
000021.SZ,深科技,0.000000,20260522,20260525,1.000000
000025.SZ,特力Ａ,0.000000,20260522,20260525,1.000000
000026.SZ,飞亚达,0.000000,20260522,20260525,1.000000
000027.SZ,深圳能源,0.000000,20260522,20260525,1.000000
000028.SZ,国药一致,0.000000,20260522,20260525,1.000000
000029.SZ,深深房Ａ,0.000000,20260522,20260525,1.000000
000030.SZ,富奥股份,0.000000,20260522,20260525,1.000000
000031.SZ,大悦城,0.000000,20260522,20260525,1.000000
000032.SZ,深桑达Ａ,0.000000,20260522,20260525,1.000000
000090.SZ,天健集团,0.000000,20260522,20260525,1.000000
000099.SZ,中信海直,0.000000,20260522,20260525,1.000000
000516.SZ,国际医学,0.000000,20260522,20260525,1.000000
000430.SZ,张家界,0.000000,20260522,20260525,1.000000
000419.SZ,通程控股,0.000000,20260522,20260525,1.000000
000420.SZ,吉林化纤,0.000000,20260522,20260525,1.000000
000421.SZ,南京公用,0.000000,20260522,20260525,1.000000
000422.SZ,湖北宜化,0.000000,20260522,20260525,1.000000
000423.SZ,东阿阿胶,0.000000,20260522,20260525,1.000000
000425.SZ,徐工机械,0.000000,20260522,20260525,1.000000
000426.SZ,兴业银锡,0.000000,20260522,20260525,1.000000
000428.SZ,华天酒店,0.000000,20260522,20260525,1.000000
000429.SZ,粤高速Ａ,0.000000,20260522,20260525,1.000000
000498.SZ,山东路桥,0.000000,20260522,20260525,1.000000
000100.SZ,TCL科技,0.000000,20260522,20260525,1.000000
000501.SZ,武商集团,0.000000,20260522,20260525,1.000000
000503.SZ,国新健康,0.000000,20260522,20260525,1.000000
000505.SZ,京粮控股,0.000000,20260522,20260525,1.000000
000506.SZ,招金黄金,0.000000,20260522,20260525,1.000000
000507.SZ,珠海港,0.000000,20260522,20260525,1.000000
000509.SZ,华塑控股,0.000000,20260522,20260525,1.000000
000510.SZ,新金路,0.000000,20260522,20260525,1.000000
000513.SZ,丽珠集团,0.000000,20260522,20260525,1.000000
000514.SZ,渝开发,0.000000,20260522,20260525,1.000000
000417.SZ,合百集团,0.000000,20260522,20260525,1.000000
000415.SZ,渤海租赁,0.000000,20260522,20260525,1.000000
000411.SZ,英特集团,0.000000,20260522,20260525,1.000000
000410.SZ,沈阳机床,0.000000,20260522,20260525,1.000000
000151.SZ,中成股份,0.000000,20260522,20260525,1.000000
000153.SZ,丰原药业,0.000000,20260522,20260525,1.000000
000155.SZ,川能动力,0.000000,20260522,20260525,1.000000
000156.SZ,华数传媒,0.000000,20260522,20260525,1.000000
000157.SZ,中联重科,0.000000,20260522,20260525,1.000000
000158.SZ,常山北明,0.000000,20260522,20260525,1.000000
000159.SZ,国际实业,0.000000,20260522,20260525,1.000000
000166.SZ,申万宏源,0.000000,20260522,20260525,1.000000
000301.SZ,东方盛虹,0.000000,20260522,20260525,1.000000
000333.SZ,美的集团,0.000000,20260522,20260525,1.000000
000338.SZ,潍柴动力,0.000000,20260522,20260525,1.000000
000400.SZ,许继电气,0.000000,20260522,20260525,1.000000
000401.SZ,金隅冀东,0.000000,20260522,20260525,1.000000
000402.SZ,金融街,0.000000,20260522,20260525,1.000000
000403.SZ,派林生物,0.000000,20260522,20260525,1.000000
000404.SZ,长虹华意,0.000000,20260522,20260525,1.000000
000407.SZ,胜利股份,0.000000,20260522,20260525,1.000000
000408.SZ,藏格矿业,0.000000,20260522,20260525,1.000000
000409.SZ,云鼎科技,0.000000,20260522,20260525,1.000000
000676.SZ,智度股份,0.000000,20260522,20260525,1.000000
000679.SZ,大连友谊,0.000000,20260522,20260525,1.000000
000990.SZ,诚志股份,0.000000,20260522,20260525,1.000000
000899.SZ,赣能股份,0.000000,20260522,20260525,1.000000
000887.SZ,中鼎股份,0.000000,20260522,20260525,1.000000
000888.SZ,峨眉山Ａ,0.000000,20260522,20260525,1.000000
000889.SZ,中嘉博创,0.000000,20260522,20260525,1.000000
000890.SZ,法尔胜,0.000000,20260522,20260525,1.000000
000892.SZ,欢瑞世纪,0.000000,20260522,20260525,1.000000
000893.SZ,亚钾国际,0.000000,20260522,20260525,1.000000
000895.SZ,双汇发展,0.000000,20260522,20260525,1.000000
000897.SZ,津滨发展,0.000000,20260522,20260525,1.000000
000898.SZ,鞍钢股份,0.000000,20260522,20260525,1.000000
000900.SZ,现代投资,0.000000,20260522,20260525,1.000000
000920.SZ,沃顿科技,0.000000,20260522,20260525,1.000000
000901.SZ,航天科技,0.000000,20260522,20260525,1.000000
000902.SZ,新洋丰,0.000000,20260522,20260525,1.000000
000905.SZ,厦门港务,0.000000,20260522,20260525,1.000000
000906.SZ,浙商中拓,0.000000,20260522,20260525,1.000000
000910.SZ,大亚圣象,0.000000,20260522,20260525,1.000000
000912.SZ,泸天化,0.000000,20260522,20260525,1.000000
000913.SZ,钱江摩托,0.000000,20260522,20260525,1.000000
000915.SZ,华特达因,0.000000,20260522,20260525,1.000000
000917.SZ,电广传媒,0.000000,20260522,20260525,1.000000
000886.SZ,海南高速,0.000000,20260522,20260525,1.000000
000885.SZ,城发环境,0.000000,20260522,20260525,1.000000
000883.SZ,湖北能源,0.000000,20260522,20260525,1.000000
000882.SZ,华联股份,0.000000,20260522,20260525,1.000000
000837.SZ,秦川机床,0.000000,20260522,20260525,1.000000
000839.SZ,国安股份,0.000000,20260522,20260525,1.000000
000848.SZ,承德露露,0.000000,20260522,20260525,1.000000
000850.SZ,华茂股份,0.000000,20260522,20260525,1.000000
000852.SZ,石化机械,0.000000,20260522,20260525,1.000000
000856.SZ,冀东装备,0.000000,20260522,20260525,1.000000
000858.SZ,五粮液,0.000000,20260522,20260525,1.000000
000859.SZ,国风新材,0.000000,20260522,20260525,1.000000
000860.SZ,顺鑫农业,0.000000,20260522,20260525,1.000000
000862.SZ,银星能源,0.000000,20260522,20260525,1.000000
000863.SZ,三湘印象,0.000000,20260522,20260525,1.000000
000868.SZ,安凯客车,0.000000,20260522,20260525,1.000000
000869.SZ,张裕Ａ,0.000000,20260522,20260525,1.000000
000875.SZ,电投绿能,0.000000,20260522,20260525,1.000000
000876.SZ,新希望,0.000000,20260522,20260525,1.000000
000877.SZ,天山股份,0.000000,20260522,20260525,1.000000
000878.SZ,云南铜业,0.000000,20260522,20260525,1.000000
000880.SZ,潍柴重机,0.000000,20260522,20260525,1.000000
000881.SZ,中广核技,0.000000,20260522,20260525,1.000000
000919.SZ,金陵药业,0.000000,20260522,20260525,1.000000
000921.SZ,海信家电,0.000000,20260522,20260525,1.000000
000831.SZ,中国稀土,0.000000,20260522,20260525,1.000000
000973.SZ,佛塑科技,0.000000,20260522,20260525,1.000000
000960.SZ,锡业股份,0.000000,20260522,20260525,1.000000
000962.SZ,东方钽业,0.000000,20260522,20260525,1.000000
000963.SZ,华东医药,0.000000,20260522,20260525,1.000000
000965.SZ,天保基建,0.000000,20260522,20260525,1.000000
000966.SZ,长源电力,0.000000,20260522,20260525,1.000000
000967.SZ,盈峰环境,0.000000,20260522,20260525,1.000000
000968.SZ,蓝焰控股,0.000000,20260522,20260525,1.000000
000969.SZ,安泰科技,0.000000,20260522,20260525,1.000000
000970.SZ,中科三环,0.000000,20260522,20260525,1.000000
000975.SZ,山金国际,0.000000,20260522,20260525,1.000000
000922.SZ,佳电股份,0.000000,20260522,20260525,1.000000
000977.SZ,浪潮信息,0.000000,20260522,20260525,1.000000
000978.SZ,桂林旅游,0.000000,20260522,20260525,1.000000
000980.SZ,众泰汽车,0.000000,20260522,20260525,1.000000
000981.SZ,山子高科,0.000000,20260522,20260525,1.000000
000983.SZ,山西焦煤,0.000000,20260522,20260525,1.000000
000985.SZ,大庆华科,0.000000,20260522,20260525,1.000000
000987.SZ,越秀资本,0.000000,20260522,20260525,1.000000
000988.SZ,华工科技,0.000000,20260522,20260525,1.000000
000989.SZ,九芝堂,0.000000,20260522,20260525,1.000000
000959.SZ,首钢股份,0.000000,20260522,20260525,1.000000
000958.SZ,电投产融,0.000000,20260522,20260525,1.000000
000957.SZ,中通客车,0.000000,20260522,20260525,1.000000
000955.SZ,欣龙控股,0.000000,20260522,20260525,1.000000
000923.SZ,河钢资源,0.000000,20260522,20260525,1.000000
000925.SZ,众合科技,0.000000,20260522,20260525,1.000000
000926.SZ,福星股份,0.000000,20260522,20260525,1.000000
000927.SZ,中国铁物,0.000000,20260522,20260525,1.000000
000928.SZ,中钢国际,0.000000,20260522,20260525,1.000000
000930.SZ,中粮科技,0.000000,20260522,20260525,1.000000
000931.SZ,中关村,0.000000,20260522,20260525,1.000000
000932.SZ,华菱钢铁,0.000000,20260522,20260525,1.000000
000933.SZ,神火股份,0.000000,20260522,20260525,1.000000
000935.SZ,四川双马,0.000000,20260522,20260525,1.000000
000936.SZ,华西股份,0.000000,20260522,20260525,1.000000
000937.SZ,冀中能源,0.000000,20260522,20260525,1.000000
000938.SZ,紫光股份,0.000000,20260522,20260525,1.000000
000948.SZ,南天信息,0.000000,20260522,20260525,1.000000
000949.SZ,新乡化纤,0.000000,20260522,20260525,1.000000
000950.SZ,重药控股,0.000000,20260522,20260525,1.000000
000951.SZ,中国重汽,0.000000,20260522,20260525,1.000000
000952.SZ,广济药业,0.000000,20260522,20260525,1.000000
000953.SZ,河化股份,0.000000,20260522,20260525,1.000000
000833.SZ,粤桂股份,0.000000,20260522,20260525,1.000000
000830.SZ,鲁西化工,0.000000,20260522,20260525,1.000000
000680.SZ,山推股份,0.000000,20260522,20260525,1.000000
000727.SZ,冠捷科技,0.000000,20260522,20260525,1.000000
000717.SZ,中南股份,0.000000,20260522,20260525,1.000000
000718.SZ,苏宁环球,0.000000,20260522,20260525,1.000000
000719.SZ,中原传媒,0.000000,20260522,20260525,1.000000
000720.SZ,新能泰山,0.000000,20260522,20260525,1.000000
000721.SZ,西安饮食,0.000000,20260522,20260525,1.000000
000722.SZ,湖南发展,0.000000,20260522,20260525,1.000000
000723.SZ,美锦能源,0.000000,20260522,20260525,1.000000
000725.SZ,京东方Ａ,0.000000,20260522,20260525,1.000000
000726.SZ,鲁泰Ａ,0.000000,20260522,20260525,1.000000
000728.SZ,国元证券,0.000000,20260522,20260525,1.000000
000755.SZ,山西高速,0.000000,20260522,20260525,1.000000
000729.SZ,燕京啤酒,0.000000,20260522,20260525,1.000000
000731.SZ,四川美丰,0.000000,20260522,20260525,1.000000
000733.SZ,振华科技,0.000000,20260522,20260525,1.000000
000735.SZ,罗牛山,0.000000,20260522,20260525,1.000000
000737.SZ,北方铜业,0.000000,20260522,20260525,1.000000
000738.SZ,航发控制,0.000000,20260522,20260525,1.000000
000739.SZ,普洛药业,0.000000,20260522,20260525,1.000000
000750.SZ,国海证券,0.000000,20260522,20260525,1.000000
000751.SZ,锌业股份,0.000000,20260522,20260525,1.000000
000716.SZ,黑芝麻,0.000000,20260522,20260525,1.000000
000715.SZ,中兴商业,0.000000,20260522,20260525,1.000000
000713.SZ,国投丰乐,0.000000,20260522,20260525,1.000000
000712.SZ,锦龙股份,0.000000,20260522,20260525,1.000000
000681.SZ,视觉中国,0.000000,20260522,20260525,1.000000
000682.SZ,东方电子,0.000000,20260522,20260525,1.000000
000683.SZ,博源化工,0.000000,20260522,20260525,1.000000
000685.SZ,中山公用,0.000000,20260522,20260525,1.000000
000686.SZ,东北证券,0.000000,20260522,20260525,1.000000
000688.SZ,国城矿业,0.000000,20260522,20260525,1.000000
000690.SZ,宝新能源,0.000000,20260522,20260525,1.000000
000692.SZ,惠天热电,0.000000,20260522,20260525,1.000000
000695.SZ,滨海能源,0.000000,20260522,20260525,1.000000
000697.SZ,炼石航空,0.000000,20260522,20260525,1.000000
000700.SZ,模塑科技,0.000000,20260522,20260525,1.000000
000701.SZ,厦门信达,0.000000,20260522,20260525,1.000000
000702.SZ,正虹科技,0.000000,20260522,20260525,1.000000
000703.SZ,恒逸石化,0.000000,20260522,20260525,1.000000
000705.SZ,浙江震元,0.000000,20260522,20260525,1.000000
000707.SZ,双环科技,0.000000,20260522,20260525,1.000000
000708.SZ,中信特钢,0.000000,20260522,20260525,1.000000
000709.SZ,河钢股份,0.000000,20260522,20260525,1.000000
000710.SZ,贝瑞基因,0.000000,20260522,20260525,1.000000
000753.SZ,漳州发展,0.000000,20260522,20260525,1.000000
000756.SZ,新华制药,0.000000,20260522,20260525,1.000000
000829.SZ,天音控股,0.000000,20260522,20260525,1.000000
000811.SZ,冰轮环境,0.000000,20260522,20260525,1.000000
000798.SZ,中水渔业,0.000000,20260522,20260525,1.000000
000799.SZ,酒鬼酒,0.000000,20260522,20260525,1.000000
000800.SZ,一汽解放,0.000000,20260522,20260525,1.000000
000801.SZ,四川九洲,0.000000,20260522,20260525,1.000000
000802.SZ,北京文化,0.000000,20260522,20260525,1.000000
000803.SZ,山高环能,0.000000,20260522,20260525,1.000000
000807.SZ,云铝股份,0.000000,20260522,20260525,1.000000
000809.SZ,和展能源,0.000000,20260522,20260525,1.000000
000810.SZ,创维数字,0.000000,20260522,20260525,1.000000
000812.SZ,陕西金叶,0.000000,20260522,20260525,1.000000
000757.SZ,浩物股份,0.000000,20260522,20260525,1.000000
000813.SZ,德展健康,0.000000,20260522,20260525,1.000000
000815.SZ,美利云,0.000000,20260522,20260525,1.000000
000816.SZ,智慧农业,0.000000,20260522,20260525,1.000000
000818.SZ,航锦科技,0.000000,20260522,20260525,1.000000
000819.SZ,岳阳兴长,0.000000,20260522,20260525,1.000000
000822.SZ,山东海化,0.000000,20260522,20260525,1.000000
000823.SZ,超声电子,0.000000,20260522,20260525,1.000000
000825.SZ,太钢不锈,0.000000,20260522,20260525,1.000000
000828.SZ,东莞控股,0.000000,20260522,20260525,1.000000
000797.SZ,中国武夷,0.000000,20260522,20260525,1.000000
000796.SZ,凯撒旅业,0.000000,20260522,20260525,1.000000
000795.SZ,英洛华,0.000000,20260522,20260525,1.000000
000792.SZ,盐湖股份,0.000000,20260522,20260525,1.000000
000758.SZ,中色股份,0.000000,20260522,20260525,1.000000
000759.SZ,中百集团,0.000000,20260522,20260525,1.000000
000761.SZ,本钢板材,0.000000,20260522,20260525,1.000000
000762.SZ,西藏矿业,0.000000,20260522,20260525,1.000000
000766.SZ,通化金马,0.000000,20260522,20260525,1.000000
000767.SZ,晋控电力,0.000000,20260522,20260525,1.000000
000768.SZ,中航西飞,0.000000,20260522,20260525,1.000000
000776.SZ,广发证券,0.000000,20260522,20260525,1.000000
000777.SZ,中核科技,0.000000,20260522,20260525,1.000000
000778.SZ,新兴铸管,0.000000,20260522,20260525,1.000000
000779.SZ,甘咨询,0.000000,20260522,20260525,1.000000
000782.SZ,恒申新材,0.000000,20260522,20260525,1.000000
000783.SZ,长江证券,0.000000,20260522,20260525,1.000000
000785.SZ,居然智家,0.000000,20260522,20260525,1.000000
000786.SZ,北新建材,0.000000,20260522,20260525,1.000000
000788.SZ,北大医药,0.000000,20260522,20260525,1.000000
000789.SZ,万年青,0.000000,20260522,20260525,1.000000
000790.SZ,华神科技,0.000000,20260522,20260525,1.000000
000791.SZ,甘肃能源,0.000000,20260522,20260525,1.000000
002292.SZ,奥飞娱乐,0.000000,20260522,20260525,1.000000
002294.SZ,信立泰,0.000000,20260522,20260525,1.000000
600166.SH,福田汽车,0.000000,20260522,20260525,1.000000
002896.SZ,中大力德,0.000000,20260522,20260525,1.000000
002886.SZ,沃特股份,0.000000,20260522,20260525,1.000000
002887.SZ,绿茵生态,0.000000,20260522,20260525,1.000000
002888.SZ,惠威科技,0.000000,20260522,20260525,1.000000
002889.SZ,东方嘉盛,0.000000,20260522,20260525,1.000000
002890.SZ,弘宇股份,0.000000,20260522,20260525,1.000000
002891.SZ,中宠股份,0.000000,20260522,20260525,1.000000
002892.SZ,科力尔,0.000000,20260522,20260525,1.000000
002893.SZ,京能热力,0.000000,20260522,20260525,1.000000
002895.SZ,川恒股份,0.000000,20260522,20260525,1.000000
002897.SZ,意华股份,0.000000,20260522,20260525,1.000000
002884.SZ,凌霄泵业,0.000000,20260522,20260525,1.000000
002899.SZ,英派斯,0.000000,20260522,20260525,1.000000
002900.SZ,哈三联,0.000000,20260522,20260525,1.000000
002901.SZ,大博医疗,0.000000,20260522,20260525,1.000000
002902.SZ,铭普光磁,0.000000,20260522,20260525,1.000000
002903.SZ,宇环数控,0.000000,20260522,20260525,1.000000
002905.SZ,金逸影视,0.000000,20260522,20260525,1.000000
002906.SZ,华阳集团,0.000000,20260522,20260525,1.000000
002907.SZ,华森制药,0.000000,20260522,20260525,1.000000
002908.SZ,德生科技,0.000000,20260522,20260525,1.000000
002885.SZ,京泉华,0.000000,20260522,20260525,1.000000
002882.SZ,金龙羽,0.000000,20260522,20260525,1.000000
002295.SZ,精艺股份,0.000000,20260522,20260525,1.000000
002868.SZ,绿康生化,0.000000,20260522,20260525,1.000000
002859.SZ,洁美科技,0.000000,20260522,20260525,1.000000
002860.SZ,星帅尔,0.000000,20260522,20260525,1.000000
002861.SZ,瀛通通讯,0.000000,20260522,20260525,1.000000
002862.SZ,实丰文化,0.000000,20260522,20260525,1.000000
002863.SZ,今飞凯达,0.000000,20260522,20260525,1.000000
002864.SZ,盘龙药业,0.000000,20260522,20260525,1.000000
002865.SZ,钧达股份,0.000000,20260522,20260525,1.000000
002866.SZ,传艺科技,0.000000,20260522,20260525,1.000000
002867.SZ,周大生,0.000000,20260522,20260525,1.000000
002869.SZ,金溢科技,0.000000,20260522,20260525,1.000000
002881.SZ,美格智能,0.000000,20260522,20260525,1.000000
002870.SZ,香山股份,0.000000,20260522,20260525,1.000000
002871.SZ,伟隆股份,0.000000,20260522,20260525,1.000000
002873.SZ,新天药业,0.000000,20260522,20260525,1.000000
002875.SZ,安奈儿,0.000000,20260522,20260525,1.000000
002876.SZ,三利谱,0.000000,20260522,20260525,1.000000
002877.SZ,智能自控,0.000000,20260522,20260525,1.000000
002878.SZ,元隆雅图,0.000000,20260522,20260525,1.000000
002879.SZ,长缆科技,0.000000,20260522,20260525,1.000000
002880.SZ,卫光生物,0.000000,20260522,20260525,1.000000
002909.SZ,集泰股份,0.000000,20260522,20260525,1.000000
002910.SZ,庄园牧场,0.000000,20260522,20260525,1.000000
002911.SZ,佛燃能源,0.000000,20260522,20260525,1.000000
002950.SZ,奥美医疗,0.000000,20260522,20260525,1.000000
002940.SZ,昂利康,0.000000,20260522,20260525,1.000000
002941.SZ,新疆交建,0.000000,20260522,20260525,1.000000
002942.SZ,新农股份,0.000000,20260522,20260525,1.000000
002943.SZ,宇晶股份,0.000000,20260522,20260525,1.000000
002945.SZ,华林证券,0.000000,20260522,20260525,1.000000
002946.SZ,新乳业,0.000000,20260522,20260525,1.000000
002947.SZ,恒铭达,0.000000,20260522,20260525,1.000000
002948.SZ,青岛银行,0.000000,20260522,20260525,1.000000
002949.SZ,华阳国际,0.000000,20260522,20260525,1.000000
002951.SZ,金时科技,0.000000,20260522,20260525,1.000000
002912.SZ,中新赛克,0.000000,20260522,20260525,1.000000
002952.SZ,亚世光电,0.000000,20260522,20260525,1.000000
002953.SZ,日丰股份,0.000000,20260522,20260525,1.000000
002955.SZ,鸿合科技,0.000000,20260522,20260525,1.000000
002956.SZ,西麦食品,0.000000,20260522,20260525,1.000000
002957.SZ,科瑞技术,0.000000,20260522,20260525,1.000000
002958.SZ,青农商行,0.000000,20260522,20260525,1.000000
002959.SZ,小熊电器,0.000000,20260522,20260525,1.000000
002960.SZ,青鸟智控,0.000000,20260522,20260525,1.000000
002961.SZ,瑞达期货,0.000000,20260522,20260525,1.000000
002939.SZ,长城证券,0.000000,20260522,20260525,1.000000
002938.SZ,鹏鼎控股,0.000000,20260522,20260525,1.000000
002937.SZ,兴瑞科技,0.000000,20260522,20260525,1.000000
002936.SZ,郑州银行,0.000000,20260522,20260525,1.000000
002913.SZ,奥士康,0.000000,20260522,20260525,1.000000
002915.SZ,中欣氟材,0.000000,20260522,20260525,1.000000
002916.SZ,深南电路,0.000000,20260522,20260525,1.000000
002917.SZ,金奥博,0.000000,20260522,20260525,1.000000
002918.SZ,蒙娜丽莎,0.000000,20260522,20260525,1.000000
002919.SZ,名臣健康,0.000000,20260522,20260525,1.000000
002920.SZ,德赛西威,0.000000,20260522,20260525,1.000000
002921.SZ,联诚精密,0.000000,20260522,20260525,1.000000
002922.SZ,伊戈尔,0.000000,20260522,20260525,1.000000
002923.SZ,润都股份,0.000000,20260522,20260525,1.000000
002925.SZ,盈趣科技,0.000000,20260522,20260525,1.000000
002926.SZ,华西证券,0.000000,20260522,20260525,1.000000
002927.SZ,泰永长征,0.000000,20260522,20260525,1.000000
002928.SZ,华夏航空,0.000000,20260522,20260525,1.000000
002929.SZ,润建股份,0.000000,20260522,20260525,1.000000
002930.SZ,宏川智慧,0.000000,20260522,20260525,1.000000
002931.SZ,锋龙股份,0.000000,20260522,20260525,1.000000
002933.SZ,新兴装备,0.000000,20260522,20260525,1.000000
002935.SZ,天奥电子,0.000000,20260522,20260525,1.000000
002858.SZ,力盛体育,0.000000,20260522,20260525,1.000000
002857.SZ,三晖电气,0.000000,20260522,20260525,1.000000
002855.SZ,捷荣技术,0.000000,20260522,20260525,1.000000
002785.SZ,万里石,0.000000,20260522,20260525,1.000000
002773.SZ,康弘药业,0.000000,20260522,20260525,1.000000
002774.SZ,快意电梯,0.000000,20260522,20260525,1.000000
002775.SZ,文科股份,0.000000,20260522,20260525,1.000000
002777.SZ,久远银海,0.000000,20260522,20260525,1.000000
002778.SZ,中晟高科,0.000000,20260522,20260525,1.000000
002779.SZ,中坚科技,0.000000,20260522,20260525,1.000000
002780.SZ,三夫户外,0.000000,20260522,20260525,1.000000
002782.SZ,可立克,0.000000,20260522,20260525,1.000000
002783.SZ,凯龙股份,0.000000,20260522,20260525,1.000000
002786.SZ,银宝山新,0.000000,20260522,20260525,1.000000
002799.SZ,环球印务,0.000000,20260522,20260525,1.000000
002787.SZ,华源控股,0.000000,20260522,20260525,1.000000
002788.SZ,鹭燕医药,0.000000,20260522,20260525,1.000000
002790.SZ,瑞尔特,0.000000,20260522,20260525,1.000000
002791.SZ,坚朗五金,0.000000,20260522,20260525,1.000000
002792.SZ,通宇通讯,0.000000,20260522,20260525,1.000000
002793.SZ,罗欣药业,0.000000,20260522,20260525,1.000000
002795.SZ,永和智控,0.000000,20260522,20260525,1.000000
002796.SZ,世嘉科技,0.000000,20260522,20260525,1.000000
002797.SZ,第一创业,0.000000,20260522,20260525,1.000000
002772.SZ,众兴菌业,0.000000,20260522,20260525,1.000000
002771.SZ,真视通,0.000000,20260522,20260525,1.000000
002769.SZ,普路通,0.000000,20260522,20260525,1.000000
002768.SZ,国恩股份,0.000000,20260522,20260525,1.000000
002743.SZ,富煌钢构,0.000000,20260522,20260525,1.000000
002745.SZ,木林森,0.000000,20260522,20260525,1.000000
002746.SZ,仙坛股份,0.000000,20260522,20260525,1.000000
002747.SZ,埃斯顿,0.000000,20260522,20260525,1.000000
002748.SZ,世龙实业,0.000000,20260522,20260525,1.000000
002749.SZ,国光股份,0.000000,20260522,20260525,1.000000
002752.SZ,昇兴股份,0.000000,20260522,20260525,1.000000
002753.SZ,永东股份,0.000000,20260522,20260525,1.000000
002755.SZ,奥赛康,0.000000,20260522,20260525,1.000000
002756.SZ,永兴材料,0.000000,20260522,20260525,1.000000
002757.SZ,南兴股份,0.000000,20260522,20260525,1.000000
002758.SZ,浙农股份,0.000000,20260522,20260525,1.000000
002759.SZ,天际股份,0.000000,20260522,20260525,1.000000
002760.SZ,凤形股份,0.000000,20260522,20260525,1.000000
002761.SZ,浙江建投,0.000000,20260522,20260525,1.000000
002763.SZ,汇洁股份,0.000000,20260522,20260525,1.000000
002765.SZ,蓝黛科技,0.000000,20260522,20260525,1.000000
002766.SZ,索菱股份,0.000000,20260522,20260525,1.000000
002767.SZ,先锋电子,0.000000,20260522,20260525,1.000000
002798.SZ,帝欧水华,0.000000,20260522,20260525,1.000000
002800.SZ,天顺股份,0.000000,20260522,20260525,1.000000
002853.SZ,皮阿诺,0.000000,20260522,20260525,1.000000
002840.SZ,华统股份,0.000000,20260522,20260525,1.000000
002830.SZ,名雕股份,0.000000,20260522,20260525,1.000000
002831.SZ,裕同科技,0.000000,20260522,20260525,1.000000
002832.SZ,比音勒芬,0.000000,20260522,20260525,1.000000
002833.SZ,弘亚数控,0.000000,20260522,20260525,1.000000
002835.SZ,同为股份,0.000000,20260522,20260525,1.000000
002836.SZ,新宏泽,0.000000,20260522,20260525,1.000000
002837.SZ,英维克,0.000000,20260522,20260525,1.000000
002838.SZ,道恩股份,0.000000,20260522,20260525,1.000000
002839.SZ,张家港行,0.000000,20260522,20260525,1.000000
002841.SZ,视源股份,0.000000,20260522,20260525,1.000000
002801.SZ,微光股份,0.000000,20260522,20260525,1.000000
002842.SZ,翔鹭钨业,0.000000,20260522,20260525,1.000000
002843.SZ,泰嘉股份,0.000000,20260522,20260525,1.000000
002845.SZ,同兴达,0.000000,20260522,20260525,1.000000
002846.SZ,英联股份,0.000000,20260522,20260525,1.000000
002847.SZ,盐津铺子,0.000000,20260522,20260525,1.000000
002849.SZ,威星智能,0.000000,20260522,20260525,1.000000
002850.SZ,科达利,0.000000,20260522,20260525,1.000000
002851.SZ,麦格米特,0.000000,20260522,20260525,1.000000
002852.SZ,道道全,0.000000,20260522,20260525,1.000000
002829.SZ,星网宇达,0.000000,20260522,20260525,1.000000
002828.SZ,贝肯能源,0.000000,20260522,20260525,1.000000
002827.SZ,高争民爆,0.000000,20260522,20260525,1.000000
002826.SZ,易明医药,0.000000,20260522,20260525,1.000000
002802.SZ,洪汇新材,0.000000,20260522,20260525,1.000000
002803.SZ,吉宏股份,0.000000,20260522,20260525,1.000000
002805.SZ,丰元股份,0.000000,20260522,20260525,1.000000
002806.SZ,华锋股份,0.000000,20260522,20260525,1.000000
002807.SZ,江阴银行,0.000000,20260522,20260525,1.000000
002809.SZ,红墙股份,0.000000,20260522,20260525,1.000000
002810.SZ,山东赫达,0.000000,20260522,20260525,1.000000
002811.SZ,郑中设计,0.000000,20260522,20260525,1.000000
002812.SZ,恩捷股份,0.000000,20260522,20260525,1.000000
002813.SZ,路畅科技,0.000000,20260522,20260525,1.000000
002815.SZ,崇达技术,0.000000,20260522,20260525,1.000000
002817.SZ,黄山胶囊,0.000000,20260522,20260525,1.000000
002818.SZ,富森美,0.000000,20260522,20260525,1.000000
002819.SZ,东方中科,0.000000,20260522,20260525,1.000000
002820.SZ,桂发祥,0.000000,20260522,20260525,1.000000
002821.SZ,凯莱英,0.000000,20260522,20260525,1.000000
002823.SZ,凯中精密,0.000000,20260522,20260525,1.000000
002824.SZ,和胜股份,0.000000,20260522,20260525,1.000000
002825.SZ,纳尔股份,0.000000,20260522,20260525,1.000000
002962.SZ,五方光电,0.000000,20260522,20260525,1.000000
002963.SZ,豪尔赛,0.000000,20260522,20260525,1.000000
002965.SZ,祥鑫科技,0.000000,20260522,20260525,1.000000
600081.SH,东风科技,0.000000,20260522,20260525,1.000000
600064.SH,南京高科,0.000000,20260522,20260525,1.000000
600066.SH,宇通客车,0.000000,20260522,20260525,1.000000
600067.SH,冠城新材,0.000000,20260522,20260525,1.000000
600071.SH,凤凰光学,0.000000,20260522,20260525,1.000000
600072.SH,中船科技,0.000000,20260522,20260525,1.000000
600073.SH,光明肉业,0.000000,20260522,20260525,1.000000
600075.SH,新疆天业,0.000000,20260522,20260525,1.000000
600076.SH,康欣新材,0.000000,20260522,20260525,1.000000
600078.SH,澄星股份,0.000000,20260522,20260525,1.000000
600085.SH,同仁堂,0.000000,20260522,20260525,1.000000
600103.SH,青山纸业,0.000000,20260522,20260525,1.000000
600088.SH,中视传媒,0.000000,20260522,20260525,1.000000
600089.SH,特变电工,0.000000,20260522,20260525,1.000000
600094.SH,大名城,0.000000,20260522,20260525,1.000000
600095.SH,湘财股份,0.000000,20260522,20260525,1.000000
600096.SH,云天化,0.000000,20260522,20260525,1.000000
600097.SH,开创国际,0.000000,20260522,20260525,1.000000
600098.SH,广州发展,0.000000,20260522,20260525,1.000000
600099.SH,林海股份,0.000000,20260522,20260525,1.000000
600100.SH,同方股份,0.000000,20260522,20260525,1.000000
600063.SH,皖维高新,0.000000,20260522,20260525,1.000000
600062.SH,华润双鹤,0.000000,20260522,20260525,1.000000
600061.SH,国投资本,0.000000,20260522,20260525,1.000000
600060.SH,海信视像,0.000000,20260522,20260525,1.000000
600030.SH,中信证券,0.000000,20260522,20260525,1.000000
600031.SH,三一重工,0.000000,20260522,20260525,1.000000
600032.SH,浙江新能,0.000000,20260522,20260525,1.000000
600033.SH,福建高速,0.000000,20260522,20260525,1.000000
600035.SH,楚天高速,0.000000,20260522,20260525,1.000000
600036.SH,招商银行,0.000000,20260522,20260525,1.000000
600037.SH,歌华有线,0.000000,20260522,20260525,1.000000
600038.SH,中直股份,0.000000,20260522,20260525,1.000000
600039.SH,四川路桥,0.000000,20260522,20260525,1.000000
600048.SH,保利发展,0.000000,20260522,20260525,1.000000
600050.SH,中国联通,0.000000,20260522,20260525,1.000000
600051.SH,宁波联合,0.000000,20260522,20260525,1.000000
600052.SH,东望时代,0.000000,20260522,20260525,1.000000
600054.SH,黄山旅游,0.000000,20260522,20260525,1.000000
600055.SH,万东医疗,0.000000,20260522,20260525,1.000000
600056.SH,中国医药,0.000000,20260522,20260525,1.000000
600057.SH,厦门象屿,0.000000,20260522,20260525,1.000000
600058.SH,五矿发展,0.000000,20260522,20260525,1.000000
600059.SH,古越龙山,0.000000,20260522,20260525,1.000000
600101.SH,明星电力,0.000000,20260522,20260525,1.000000
600104.SH,上汽集团,0.000000,20260522,20260525,1.000000
600028.SH,中国石化,0.000000,20260522,20260525,1.000000
600152.SH,维科技术,0.000000,20260522,20260525,1.000000
600135.SH,乐凯胶片,0.000000,20260522,20260525,1.000000
600137.SH,浪莎股份,0.000000,20260522,20260525,1.000000
600138.SH,中青旅,0.000000,20260522,20260525,1.000000
600141.SH,兴发集团,0.000000,20260522,20260525,1.000000
600143.SH,金发科技,0.000000,20260522,20260525,1.000000
600148.SH,长春一东,0.000000,20260522,20260525,1.000000
600149.SH,廊坊发展,0.000000,20260522,20260525,1.000000
600150.SH,中国船舶,0.000000,20260522,20260525,1.000000
600151.SH,航天机电,0.000000,20260522,20260525,1.000000
600153.SH,建发股份,0.000000,20260522,20260525,1.000000
600105.SH,永鼎股份,0.000000,20260522,20260525,1.000000
600155.SH,华创云信,0.000000,20260522,20260525,1.000000
600156.SH,华升股份,0.000000,20260522,20260525,1.000000
600157.SH,永泰能源,0.000000,20260522,20260525,1.000000
600158.SH,中体产业,0.000000,20260522,20260525,1.000000
600159.SH,大龙地产,0.000000,20260522,20260525,1.000000
600160.SH,巨化股份,0.000000,20260522,20260525,1.000000
600161.SH,天坛生物,0.000000,20260522,20260525,1.000000
600162.SH,香江控股,0.000000,20260522,20260525,1.000000
600163.SH,中闽能源,0.000000,20260522,20260525,1.000000
600133.SH,东湖高新,0.000000,20260522,20260525,1.000000
600132.SH,重庆啤酒,0.000000,20260522,20260525,1.000000
600131.SH,国网信通,0.000000,20260522,20260525,1.000000
600130.SH,波导股份,0.000000,20260522,20260525,1.000000
600106.SH,重庆路桥,0.000000,20260522,20260525,1.000000
600108.SH,亚盛集团,0.000000,20260522,20260525,1.000000
600109.SH,国金证券,0.000000,20260522,20260525,1.000000
600110.SH,诺德股份,0.000000,20260522,20260525,1.000000
600111.SH,北方稀土,0.000000,20260522,20260525,1.000000
600113.SH,浙江东日,0.000000,20260522,20260525,1.000000
600114.SH,东睦股份,0.000000,20260522,20260525,1.000000
600115.SH,中国东航,0.000000,20260522,20260525,1.000000
600116.SH,三峡水利,0.000000,20260522,20260525,1.000000
600117.SH,西宁特钢,0.000000,20260522,20260525,1.000000
600118.SH,中国卫星,0.000000,20260522,20260525,1.000000
600120.SH,浙江东方,0.000000,20260522,20260525,1.000000
600121.SH,郑州煤电,0.000000,20260522,20260525,1.000000
600123.SH,兰花科创,0.000000,20260522,20260525,1.000000
600125.SH,铁龙物流,0.000000,20260522,20260525,1.000000
600126.SH,杭钢股份,0.000000,20260522,20260525,1.000000
600127.SH,金健米业,0.000000,20260522,20260525,1.000000
600128.SH,苏豪弘业,0.000000,20260522,20260525,1.000000
600129.SH,太极集团,0.000000,20260522,20260525,1.000000
600029.SH,南方航空,0.000000,20260522,20260525,1.000000
600027.SH,华电国际,0.000000,20260522,20260525,1.000000
002966.SZ,苏州银行,0.000000,20260522,20260525,1.000000
003002.SZ,壶化股份,0.000000,20260522,20260525,1.000000
002992.SZ,宝明科技,0.000000,20260522,20260525,1.000000
002993.SZ,奥海科技,0.000000,20260522,20260525,1.000000
002995.SZ,天地在线,0.000000,20260522,20260525,1.000000
002996.SZ,顺博合金,0.000000,20260522,20260525,1.000000
002997.SZ,瑞鹄模具,0.000000,20260522,20260525,1.000000
002998.SZ,优彩资源,0.000000,20260522,20260525,1.000000
002999.SZ,天禾股份,0.000000,20260522,20260525,1.000000
003000.SZ,劲仔食品,0.000000,20260522,20260525,1.000000
003001.SZ,中岩大地,0.000000,20260522,20260525,1.000000
003003.SZ,天元股份,0.000000,20260522,20260525,1.000000
003015.SZ,日久光电,0.000000,20260522,20260525,1.000000
003004.SZ,声迅股份,0.000000,20260522,20260525,1.000000
003005.SZ,竞业达,0.000000,20260522,20260525,1.000000
003006.SZ,百亚股份,0.000000,20260522,20260525,1.000000
003007.SZ,直真科技,0.000000,20260522,20260525,1.000000
003008.SZ,开普检测,0.000000,20260522,20260525,1.000000
003009.SZ,中天火箭,0.000000,20260522,20260525,1.000000
003010.SZ,若羽臣,0.000000,20260522,20260525,1.000000
003011.SZ,海象新材,0.000000,20260522,20260525,1.000000
003012.SZ,东鹏控股,0.000000,20260522,20260525,1.000000
002991.SZ,甘源食品,0.000000,20260522,20260525,1.000000
002990.SZ,盛视科技,0.000000,20260522,20260525,1.000000
002989.SZ,中天精装,0.000000,20260522,20260525,1.000000
002988.SZ,豪美新材,0.000000,20260522,20260525,1.000000
002967.SZ,广电计量,0.000000,20260522,20260525,1.000000
002968.SZ,新大正,0.000000,20260522,20260525,1.000000
002969.SZ,嘉美包装,0.000000,20260522,20260525,1.000000
002970.SZ,锐明技术,0.000000,20260522,20260525,1.000000
002971.SZ,和远气体,0.000000,20260522,20260525,1.000000
002972.SZ,科安达,0.000000,20260522,20260525,1.000000
002973.SZ,侨银股份,0.000000,20260522,20260525,1.000000
002975.SZ,博杰股份,0.000000,20260522,20260525,1.000000
002976.SZ,瑞玛精密,0.000000,20260522,20260525,1.000000
002978.SZ,安宁股份,0.000000,20260522,20260525,1.000000
002979.SZ,雷赛智能,0.000000,20260522,20260525,1.000000
002980.SZ,华盛昌,0.000000,20260522,20260525,1.000000
002981.SZ,朝阳科技,0.000000,20260522,20260525,1.000000
002982.SZ,湘佳股份,0.000000,20260522,20260525,1.000000
002983.SZ,芯瑞达,0.000000,20260522,20260525,1.000000
002984.SZ,森麒麟,0.000000,20260522,20260525,1.000000
002985.SZ,北摩高科,0.000000,20260522,20260525,1.000000
002986.SZ,宇新股份,0.000000,20260522,20260525,1.000000
002987.SZ,京北方,0.000000,20260522,20260525,1.000000
003013.SZ,地铁设计,0.000000,20260522,20260525,1.000000
003016.SZ,欣贺股份,0.000000,20260522,20260525,1.000000
600026.SH,中远海能,0.000000,20260522,20260525,1.000000
600012.SH,皖通高速,0.000000,20260522,20260525,1.000000
003816.SZ,中国广核,0.000000,20260522,20260525,1.000000
600000.SH,浦发银行,0.000000,20260522,20260525,1.000000
600004.SH,白云机场,0.000000,20260522,20260525,1.000000
600006.SH,东风股份,0.000000,20260522,20260525,1.000000
600007.SH,中国国贸,0.000000,20260522,20260525,1.000000
600008.SH,首创环保,0.000000,20260522,20260525,1.000000
600009.SH,上海机场,0.000000,20260522,20260525,1.000000
600010.SH,包钢股份,0.000000,20260522,20260525,1.000000
600011.SH,华能国际,0.000000,20260522,20260525,1.000000
600015.SH,华夏银行,0.000000,20260522,20260525,1.000000
003017.SZ,大洋生物,0.000000,20260522,20260525,1.000000
600016.SH,民生银行,0.000000,20260522,20260525,1.000000
600017.SH,日照港,0.000000,20260522,20260525,1.000000
600018.SH,上港集团,0.000000,20260522,20260525,1.000000
600019.SH,宝钢股份,0.000000,20260522,20260525,1.000000
600020.SH,中原高速,0.000000,20260522,20260525,1.000000
600021.SH,上海电力,0.000000,20260522,20260525,1.000000
600022.SH,山东钢铁,0.000000,20260522,20260525,1.000000
600023.SH,浙能电力,0.000000,20260522,20260525,1.000000
600025.SH,华能水电,0.000000,20260522,20260525,1.000000
003043.SZ,华亚智能,0.000000,20260522,20260525,1.000000
003042.SZ,中农联合,0.000000,20260522,20260525,1.000000
003041.SZ,真爱美家,0.000000,20260522,20260525,1.000000
003040.SZ,楚天龙,0.000000,20260522,20260525,1.000000
003018.SZ,金富科技,0.000000,20260522,20260525,1.000000
003019.SZ,宸展光电,0.000000,20260522,20260525,1.000000
003020.SZ,立方制药,0.000000,20260522,20260525,1.000000
003021.SZ,兆威机电,0.000000,20260522,20260525,1.000000
003022.SZ,联泓新科,0.000000,20260522,20260525,1.000000
003023.SZ,彩虹集团,0.000000,20260522,20260525,1.000000
003025.SZ,思进智能,0.000000,20260522,20260525,1.000000
003026.SZ,中晶科技,0.000000,20260522,20260525,1.000000
003027.SZ,同兴科技,0.000000,20260522,20260525,1.000000
003028.SZ,振邦智能,0.000000,20260522,20260525,1.000000
003029.SZ,吉大正元,0.000000,20260522,20260525,1.000000
003030.SZ,祖名股份,0.000000,20260522,20260525,1.000000
003031.SZ,中瓷电子,0.000000,20260522,20260525,1.000000
003033.SZ,征和工业,0.000000,20260522,20260525,1.000000
003035.SZ,南网能源,0.000000,20260522,20260525,1.000000
003036.SZ,泰坦股份,0.000000,20260522,20260525,1.000000
003037.SZ,三和管桩,0.000000,20260522,20260525,1.000000
003038.SZ,鑫铂股份,0.000000,20260522,20260525,1.000000
003039.SZ,顺控发展,0.000000,20260522,20260525,1.000000
002742.SZ,三圣股份,0.000000,20260522,20260525,1.000000
002741.SZ,光华科技,0.000000,20260522,20260525,1.000000
002739.SZ,儒意电影,0.000000,20260522,20260525,1.000000
002437.SZ,誉衡药业,0.000000,20260522,20260525,1.000000
002425.SZ,凯撒文化,0.000000,20260522,20260525,1.000000
002426.SZ,胜利精密,0.000000,20260522,20260525,1.000000
002427.SZ,尤夫股份,0.000000,20260522,20260525,1.000000
002428.SZ,云南锗业,0.000000,20260522,20260525,1.000000
002429.SZ,兆驰股份,0.000000,20260522,20260525,1.000000
002430.SZ,杭氧股份,0.000000,20260522,20260525,1.000000
002432.SZ,九安医疗,0.000000,20260522,20260525,1.000000
002434.SZ,万里扬,0.000000,20260522,20260525,1.000000
002436.SZ,兴森科技,0.000000,20260522,20260525,1.000000
002438.SZ,江苏神通,0.000000,20260522,20260525,1.000000
002451.SZ,摩恩电气,0.000000,20260522,20260525,1.000000
002439.SZ,启明星辰,0.000000,20260522,20260525,1.000000
002440.SZ,闰土股份,0.000000,20260522,20260525,1.000000
002441.SZ,众业达,0.000000,20260522,20260525,1.000000
002442.SZ,龙星科技,0.000000,20260522,20260525,1.000000
002443.SZ,金洲管道,0.000000,20260522,20260525,1.000000
002444.SZ,巨星科技,0.000000,20260522,20260525,1.000000
002445.SZ,中南文化,0.000000,20260522,20260525,1.000000
002446.SZ,盛路通信,0.000000,20260522,20260525,1.000000
002448.SZ,中原内配,0.000000,20260522,20260525,1.000000
002423.SZ,中粮资本,0.000000,20260522,20260525,1.000000
002422.SZ,科伦药业,0.000000,20260522,20260525,1.000000
002421.SZ,达实智能,0.000000,20260522,20260525,1.000000
002420.SZ,毅昌科技,0.000000,20260522,20260525,1.000000
002399.SZ,海普瑞,0.000000,20260522,20260525,1.000000
002400.SZ,省广集团,0.000000,20260522,20260525,1.000000
002401.SZ,中远海科,0.000000,20260522,20260525,1.000000
002402.SZ,和而泰,0.000000,20260522,20260525,1.000000
002403.SZ,爱仕达,0.000000,20260522,20260525,1.000000
002404.SZ,嘉欣丝绸,0.000000,20260522,20260525,1.000000
002405.SZ,四维图新,0.000000,20260522,20260525,1.000000
002406.SZ,远东传动,0.000000,20260522,20260525,1.000000
002407.SZ,多氟多,0.000000,20260522,20260525,1.000000
002408.SZ,齐翔腾达,0.000000,20260522,20260525,1.000000
002409.SZ,雅克科技,0.000000,20260522,20260525,1.000000
002410.SZ,广联达,0.000000,20260522,20260525,1.000000
002412.SZ,汉森制药,0.000000,20260522,20260525,1.000000
002413.SZ,雷科防务,0.000000,20260522,20260525,1.000000
002414.SZ,高德红外,0.000000,20260522,20260525,1.000000
002415.SZ,海康威视,0.000000,20260522,20260525,1.000000
002416.SZ,爱施德,0.000000,20260522,20260525,1.000000
002418.SZ,康盛股份,0.000000,20260522,20260525,1.000000
002419.SZ,天虹股份,0.000000,20260522,20260525,1.000000
002449.SZ,国星光电,0.000000,20260522,20260525,1.000000
002452.SZ,长高电新,0.000000,20260522,20260525,1.000000
002397.SZ,梦洁股份,0.000000,20260522,20260525,1.000000
002490.SZ,山东墨龙,0.000000,20260522,20260525,1.000000
002480.SZ,新筑股份,0.000000,20260522,20260525,1.000000
002481.SZ,双塔食品,0.000000,20260522,20260525,1.000000
002482.SZ,广田集团,0.000000,20260522,20260525,1.000000
002483.SZ,润邦股份,0.000000,20260522,20260525,1.000000
002484.SZ,江海股份,0.000000,20260522,20260525,1.000000
002486.SZ,嘉麟杰,0.000000,20260522,20260525,1.000000
002487.SZ,大金重工,0.000000,20260522,20260525,1.000000
002488.SZ,金固股份,0.000000,20260522,20260525,1.000000
002489.SZ,浙江永强,0.000000,20260522,20260525,1.000000
002491.SZ,通鼎互联,0.000000,20260522,20260525,1.000000
002453.SZ,华软科技,0.000000,20260522,20260525,1.000000
002492.SZ,恒基达鑫,0.000000,20260522,20260525,1.000000
002493.SZ,荣盛石化,0.000000,20260522,20260525,1.000000
002494.SZ,华斯股份,0.000000,20260522,20260525,1.000000
002495.SZ,佳隆股份,0.000000,20260522,20260525,1.000000
002497.SZ,雅化集团,0.000000,20260522,20260525,1.000000
002498.SZ,汉缆股份,0.000000,20260522,20260525,1.000000
002500.SZ,山西证券,0.000000,20260522,20260525,1.000000
002506.SZ,协鑫集成,0.000000,20260522,20260525,1.000000
002507.SZ,涪陵榨菜,0.000000,20260522,20260525,1.000000
002479.SZ,富春环保,0.000000,20260522,20260525,1.000000
002478.SZ,常宝股份,0.000000,20260522,20260525,1.000000
002476.SZ,宝莫股份,0.000000,20260522,20260525,1.000000
002475.SZ,立讯精密,0.000000,20260522,20260525,1.000000
002454.SZ,松芝股份,0.000000,20260522,20260525,1.000000
002455.SZ,百川股份,0.000000,20260522,20260525,1.000000
002456.SZ,欧菲光,0.000000,20260522,20260525,1.000000
002457.SZ,青龙管业,0.000000,20260522,20260525,1.000000
002458.SZ,益生股份,0.000000,20260522,20260525,1.000000
002459.SZ,晶澳科技,0.000000,20260522,20260525,1.000000
002460.SZ,赣锋锂业,0.000000,20260522,20260525,1.000000
002461.SZ,珠江啤酒,0.000000,20260522,20260525,1.000000
002462.SZ,嘉事堂,0.000000,20260522,20260525,1.000000
002463.SZ,沪电股份,0.000000,20260522,20260525,1.000000
002465.SZ,海格通信,0.000000,20260522,20260525,1.000000
002466.SZ,天齐锂业,0.000000,20260522,20260525,1.000000
002467.SZ,二六三,0.000000,20260522,20260525,1.000000
002468.SZ,申通快递,0.000000,20260522,20260525,1.000000
002469.SZ,三维化学,0.000000,20260522,20260525,1.000000
002470.SZ,金正大,0.000000,20260522,20260525,1.000000
002471.SZ,中超控股,0.000000,20260522,20260525,1.000000
002472.SZ,双环传动,0.000000,20260522,20260525,1.000000
002474.SZ,榕基软件,0.000000,20260522,20260525,1.000000
002398.SZ,垒知集团,0.000000,20260522,20260525,1.000000
002396.SZ,星网锐捷,0.000000,20260522,20260525,1.000000
002510.SZ,天汽模,0.000000,20260522,20260525,1.000000
002333.SZ,罗普斯金,0.000000,20260522,20260525,1.000000
002322.SZ,理工能科,0.000000,20260522,20260525,1.000000
002324.SZ,普利特,0.000000,20260522,20260525,1.000000
002326.SZ,永太科技,0.000000,20260522,20260525,1.000000
002327.SZ,富安娜,0.000000,20260522,20260525,1.000000
002328.SZ,新朋股份,0.000000,20260522,20260525,1.000000
002329.SZ,皇氏集团,0.000000,20260522,20260525,1.000000
002330.SZ,得利斯,0.000000,20260522,20260525,1.000000
002331.SZ,皖通科技,0.000000,20260522,20260525,1.000000
002332.SZ,仙琚制药,0.000000,20260522,20260525,1.000000
002334.SZ,英威腾,0.000000,20260522,20260525,1.000000
002347.SZ,泰尔股份,0.000000,20260522,20260525,1.000000
002335.SZ,科华数据,0.000000,20260522,20260525,1.000000
002337.SZ,赛象科技,0.000000,20260522,20260525,1.000000
002338.SZ,奥普光电,0.000000,20260522,20260525,1.000000
002339.SZ,积成电子,0.000000,20260522,20260525,1.000000
002340.SZ,格林美,0.000000,20260522,20260525,1.000000
002342.SZ,巨力索具,0.000000,20260522,20260525,1.000000
002343.SZ,慈文传媒,0.000000,20260522,20260525,1.000000
002344.SZ,海宁皮城,0.000000,20260522,20260525,1.000000
002345.SZ,潮宏基,0.000000,20260522,20260525,1.000000
002321.SZ,华英农业,0.000000,20260522,20260525,1.000000
002320.SZ,海峡股份,0.000000,20260522,20260525,1.000000
002319.SZ,乐通股份,0.000000,20260522,20260525,1.000000
002318.SZ,久立特材,0.000000,20260522,20260525,1.000000
002296.SZ,辉煌科技,0.000000,20260522,20260525,1.000000
002297.SZ,博云新材,0.000000,20260522,20260525,1.000000
002298.SZ,中电鑫龙,0.000000,20260522,20260525,1.000000
002299.SZ,圣农发展,0.000000,20260522,20260525,1.000000
002300.SZ,太阳电缆,0.000000,20260522,20260525,1.000000
002301.SZ,齐心集团,0.000000,20260522,20260525,1.000000
002302.SZ,西部建设,0.000000,20260522,20260525,1.000000
002303.SZ,美盈森,0.000000,20260522,20260525,1.000000
002304.SZ,洋河股份,0.000000,20260522,20260525,1.000000
002307.SZ,北新路桥,0.000000,20260522,20260525,1.000000
002309.SZ,中利集团,0.000000,20260522,20260525,1.000000
002310.SZ,东方新能,0.000000,20260522,20260525,1.000000
002311.SZ,海大集团,0.000000,20260522,20260525,1.000000
002312.SZ,川发龙蟒,0.000000,20260522,20260525,1.000000
002313.SZ,日海智能,0.000000,20260522,20260525,1.000000
002314.SZ,南山控股,0.000000,20260522,20260525,1.000000
002315.SZ,焦点科技,0.000000,20260522,20260525,1.000000
002316.SZ,亚联发展,0.000000,20260522,20260525,1.000000
002317.SZ,众生药业,0.000000,20260522,20260525,1.000000
002346.SZ,柘中股份,0.000000,20260522,20260525,1.000000
002348.SZ,高乐股份,0.000000,20260522,20260525,1.000000
002395.SZ,双象股份,0.000000,20260522,20260525,1.000000
002384.SZ,东山精密,0.000000,20260522,20260525,1.000000
002375.SZ,亚厦股份,0.000000,20260522,20260525,1.000000
002376.SZ,新北洋,0.000000,20260522,20260525,1.000000
002377.SZ,国创高新,0.000000,20260522,20260525,1.000000
002378.SZ,章源钨业,0.000000,20260522,20260525,1.000000
002379.SZ,宏桥控股,0.000000,20260522,20260525,1.000000
002380.SZ,科远智慧,0.000000,20260522,20260525,1.000000
002381.SZ,双箭股份,0.000000,20260522,20260525,1.000000
002382.SZ,蓝帆医疗,0.000000,20260522,20260525,1.000000
002383.SZ,合众思壮,0.000000,20260522,20260525,1.000000
002385.SZ,大北农,0.000000,20260522,20260525,1.000000
002349.SZ,精华制药,0.000000,20260522,20260525,1.000000
002386.SZ,天原股份,0.000000,20260522,20260525,1.000000
002387.SZ,维信诺,0.000000,20260522,20260525,1.000000
002388.SZ,新亚制程,0.000000,20260522,20260525,1.000000
002389.SZ,航天彩虹,0.000000,20260522,20260525,1.000000
002390.SZ,信邦制药,0.000000,20260522,20260525,1.000000
002391.SZ,长青股份,0.000000,20260522,20260525,1.000000
002392.SZ,北京利尔,0.000000,20260522,20260525,1.000000
002393.SZ,力生制药,0.000000,20260522,20260525,1.000000
002394.SZ,联发股份,0.000000,20260522,20260525,1.000000
002374.SZ,中锐股份,0.000000,20260522,20260525,1.000000
002373.SZ,千方科技,0.000000,20260522,20260525,1.000000
002372.SZ,伟星新材,0.000000,20260522,20260525,1.000000
002371.SZ,北方华创,0.000000,20260522,20260525,1.000000
002350.SZ,北京科锐,0.000000,20260522,20260525,1.000000
002351.SZ,漫步者,0.000000,20260522,20260525,1.000000
002352.SZ,顺丰控股,0.000000,20260522,20260525,1.000000
002353.SZ,杰瑞股份,0.000000,20260522,20260525,1.000000
002354.SZ,天娱数科,0.000000,20260522,20260525,1.000000
002355.SZ,兴民智通,0.000000,20260522,20260525,1.000000
002356.SZ,赫美集团,0.000000,20260522,20260525,1.000000
002357.SZ,富临运业,0.000000,20260522,20260525,1.000000
002358.SZ,森源电气,0.000000,20260522,20260525,1.000000
002361.SZ,神剑股份,0.000000,20260522,20260525,1.000000
002362.SZ,汉王科技,0.000000,20260522,20260525,1.000000
002363.SZ,隆基机械,0.000000,20260522,20260525,1.000000
002364.SZ,中恒电气,0.000000,20260522,20260525,1.000000
002365.SZ,永安药业,0.000000,20260522,20260525,1.000000
002366.SZ,融发核电,0.000000,20260522,20260525,1.000000
002367.SZ,康力电梯,0.000000,20260522,20260525,1.000000
002368.SZ,太极股份,0.000000,20260522,20260525,1.000000
002369.SZ,卓翼科技,0.000000,20260522,20260525,1.000000
002370.SZ,亚太药业,0.000000,20260522,20260525,1.000000
002508.SZ,老板电器,0.000000,20260522,20260525,1.000000
002511.SZ,中顺洁柔,0.000000,20260522,20260525,1.000000
002738.SZ,中矿资源,0.000000,20260522,20260525,1.000000
002662.SZ,峰璟股份,0.000000,20260522,20260525,1.000000
002652.SZ,扬子新材,0.000000,20260522,20260525,1.000000
002653.SZ,海思科,0.000000,20260522,20260525,1.000000
002654.SZ,万润科技,0.000000,20260522,20260525,1.000000
002655.SZ,共达电声,0.000000,20260522,20260525,1.000000
002657.SZ,中科金财,0.000000,20260522,20260525,1.000000
002658.SZ,雪迪龙,0.000000,20260522,20260525,1.000000
002659.SZ,凯文教育,0.000000,20260522,20260525,1.000000
002660.SZ,茂硕电源,0.000000,20260522,20260525,1.000000
002661.SZ,克明食品,0.000000,20260522,20260525,1.000000
002663.SZ,普邦股份,0.000000,20260522,20260525,1.000000
002676.SZ,顺威股份,0.000000,20260522,20260525,1.000000
002664.SZ,信质集团,0.000000,20260522,20260525,1.000000
002666.SZ,德联集团,0.000000,20260522,20260525,1.000000
002668.SZ,TCL智家,0.000000,20260522,20260525,1.000000
002669.SZ,康达新材,0.000000,20260522,20260525,1.000000
002670.SZ,国盛证券,0.000000,20260522,20260525,1.000000
002671.SZ,龙泉股份,0.000000,20260522,20260525,1.000000
002672.SZ,东江环保,0.000000,20260522,20260525,1.000000
002673.SZ,西部证券,0.000000,20260522,20260525,1.000000
002674.SZ,兴业科技,0.000000,20260522,20260525,1.000000
002651.SZ,利君股份,0.000000,20260522,20260525,1.000000
002649.SZ,博彦科技,0.000000,20260522,20260525,1.000000
002648.SZ,卫星化学,0.000000,20260522,20260525,1.000000
002647.SZ,仁东控股,0.000000,20260522,20260525,1.000000
002626.SZ,金达威,0.000000,20260522,20260525,1.000000
002627.SZ,三峡旅游,0.000000,20260522,20260525,1.000000
002628.SZ,成都路桥,0.000000,20260522,20260525,1.000000
002629.SZ,仁智股份,0.000000,20260522,20260525,1.000000
002631.SZ,德尔未来,0.000000,20260522,20260525,1.000000
002632.SZ,道明光学,0.000000,20260522,20260525,1.000000
002633.SZ,申科股份,0.000000,20260522,20260525,1.000000
002635.SZ,安洁科技,0.000000,20260522,20260525,1.000000
002636.SZ,金安国纪,0.000000,20260522,20260525,1.000000
002637.SZ,赞宇科技,0.000000,20260522,20260525,1.000000
002638.SZ,勤上股份,0.000000,20260522,20260525,1.000000
002639.SZ,雪人集团,0.000000,20260522,20260525,1.000000
002640.SZ,跨境通,0.000000,20260522,20260525,1.000000
002641.SZ,公元股份,0.000000,20260522,20260525,1.000000
002642.SZ,荣联科技,0.000000,20260522,20260525,1.000000
002643.SZ,万润股份,0.000000,20260522,20260525,1.000000
002644.SZ,佛慈制药,0.000000,20260522,20260525,1.000000
002645.SZ,华宏科技,0.000000,20260522,20260525,1.000000
002646.SZ,天佑德酒,0.000000,20260522,20260525,1.000000
002675.SZ,东诚药业,0.000000,20260522,20260525,1.000000
002677.SZ,浙江美大,0.000000,20260522,20260525,1.000000
002624.SZ,完美世界,0.000000,20260522,20260525,1.000000
002725.SZ,跃岭股份,0.000000,20260522,20260525,1.000000
002712.SZ,思美传媒,0.000000,20260522,20260525,1.000000
002714.SZ,牧原股份,0.000000,20260522,20260525,1.000000
002715.SZ,登云股份,0.000000,20260522,20260525,1.000000
002716.SZ,湖南白银,0.000000,20260522,20260525,1.000000
002718.SZ,友邦吊顶,0.000000,20260522,20260525,1.000000
002721.SZ,金一文化,0.000000,20260522,20260525,1.000000
002722.SZ,物产金轮,0.000000,20260522,20260525,1.000000
002723.SZ,小崧股份,0.000000,20260522,20260525,1.000000
002724.SZ,海洋王,0.000000,20260522,20260525,1.000000
002727.SZ,一心堂,0.000000,20260522,20260525,1.000000
002678.SZ,珠江钢琴,0.000000,20260522,20260525,1.000000
002728.SZ,特一药业,0.000000,20260522,20260525,1.000000
002729.SZ,好利科技,0.000000,20260522,20260525,1.000000
002730.SZ,电光科技,0.000000,20260522,20260525,1.000000
002732.SZ,燕塘乳业,0.000000,20260522,20260525,1.000000
002733.SZ,雄韬股份,0.000000,20260522,20260525,1.000000
002734.SZ,利民股份,0.000000,20260522,20260525,1.000000
002735.SZ,王子新材,0.000000,20260522,20260525,1.000000
002736.SZ,国信证券,0.000000,20260522,20260525,1.000000
002737.SZ,葵花药业,0.000000,20260522,20260525,1.000000
002709.SZ,天赐材料,0.000000,20260522,20260525,1.000000
002708.SZ,光洋股份,0.000000,20260522,20260525,1.000000
002707.SZ,众信旅游,0.000000,20260522,20260525,1.000000
002706.SZ,良信股份,0.000000,20260522,20260525,1.000000
002679.SZ,福建金森,0.000000,20260522,20260525,1.000000
002681.SZ,奋达科技,0.000000,20260522,20260525,1.000000
002682.SZ,龙洲股份,0.000000,20260522,20260525,1.000000
002683.SZ,广东宏大,0.000000,20260522,20260525,1.000000
002685.SZ,华东重机,0.000000,20260522,20260525,1.000000
002686.SZ,亿利达,0.000000,20260522,20260525,1.000000
002687.SZ,乔治白,0.000000,20260522,20260525,1.000000
002688.SZ,金河生物,0.000000,20260522,20260525,1.000000
002690.SZ,美亚光电,0.000000,20260522,20260525,1.000000
002692.SZ,远程股份,0.000000,20260522,20260525,1.000000
002695.SZ,煌上煌,0.000000,20260522,20260525,1.000000
002696.SZ,百洋股份,0.000000,20260522,20260525,1.000000
002697.SZ,红旗连锁,0.000000,20260522,20260525,1.000000
002698.SZ,博实股份,0.000000,20260522,20260525,1.000000
002700.SZ,万憬能源,0.000000,20260522,20260525,1.000000
002701.SZ,奥瑞金,0.000000,20260522,20260525,1.000000
002702.SZ,海欣食品,0.000000,20260522,20260525,1.000000
002703.SZ,浙江世宝,0.000000,20260522,20260525,1.000000
002705.SZ,新宝股份,0.000000,20260522,20260525,1.000000
002625.SZ,光启技术,0.000000,20260522,20260525,1.000000
002623.SZ,亚玛顿,0.000000,20260522,20260525,1.000000
002513.SZ,蓝丰生化,0.000000,20260522,20260525,1.000000
002553.SZ,南方精工,0.000000,20260522,20260525,1.000000
002543.SZ,万和电气,0.000000,20260522,20260525,1.000000
002544.SZ,普天科技,0.000000,20260522,20260525,1.000000
002545.SZ,东方铁塔,0.000000,20260522,20260525,1.000000
002546.SZ,新联电子,0.000000,20260522,20260525,1.000000
002548.SZ,金新农,0.000000,20260522,20260525,1.000000
002549.SZ,凯美特气,0.000000,20260522,20260525,1.000000
002550.SZ,千红制药,0.000000,20260522,20260525,1.000000
002551.SZ,尚荣医疗,0.000000,20260522,20260525,1.000000
002552.SZ,宝鼎科技,0.000000,20260522,20260525,1.000000
002554.SZ,惠博普,0.000000,20260522,20260525,1.000000
002565.SZ,顺灏股份,0.000000,20260522,20260525,1.000000
002555.SZ,三七互娱,0.000000,20260522,20260525,1.000000
002556.SZ,辉隆股份,0.000000,20260522,20260525,1.000000
002557.SZ,洽洽食品,0.000000,20260522,20260525,1.000000
002558.SZ,巨人网络,0.000000,20260522,20260525,1.000000
002559.SZ,亚威股份,0.000000,20260522,20260525,1.000000
002560.SZ,通达股份,0.000000,20260522,20260525,1.000000
002561.SZ,徐家汇,0.000000,20260522,20260525,1.000000
002562.SZ,兄弟科技,0.000000,20260522,20260525,1.000000
002563.SZ,森马服饰,0.000000,20260522,20260525,1.000000
002541.SZ,鸿路钢构,0.000000,20260522,20260525,1.000000
002540.SZ,亚太科技,0.000000,20260522,20260525,1.000000
002539.SZ,云图控股,0.000000,20260522,20260525,1.000000
002537.SZ,海联金汇,0.000000,20260522,20260525,1.000000
002515.SZ,金字火腿,0.000000,20260522,20260525,1.000000
002516.SZ,旷达科技,0.000000,20260522,20260525,1.000000
002517.SZ,恺英网络,0.000000,20260522,20260525,1.000000
002518.SZ,科士达,0.000000,20260522,20260525,1.000000
002519.SZ,银河电子,0.000000,20260522,20260525,1.000000
002520.SZ,日发精机,0.000000,20260522,20260525,1.000000
002521.SZ,齐峰新材,0.000000,20260522,20260525,1.000000
002522.SZ,浙江众成,0.000000,20260522,20260525,1.000000
002523.SZ,天桥起重,0.000000,20260522,20260525,1.000000
002524.SZ,光正眼科,0.000000,20260522,20260525,1.000000
002526.SZ,山东矿机,0.000000,20260522,20260525,1.000000
002527.SZ,新时达,0.000000,20260522,20260525,1.000000
002530.SZ,金财互联,0.000000,20260522,20260525,1.000000
002531.SZ,天顺风能,0.000000,20260522,20260525,1.000000
002532.SZ,天山铝业,0.000000,20260522,20260525,1.000000
002533.SZ,金杯电工,0.000000,20260522,20260525,1.000000
002534.SZ,西子洁能,0.000000,20260522,20260525,1.000000
002535.SZ,林州重机,0.000000,20260522,20260525,1.000000
002536.SZ,飞龙股份,0.000000,20260522,20260525,1.000000
002564.SZ,天沃科技,0.000000,20260522,20260525,1.000000
002566.SZ,益盛药业,0.000000,20260522,20260525,1.000000
002622.SZ,皓宸医疗,0.000000,20260522,20260525,1.000000
002606.SZ,大连电瓷,0.000000,20260522,20260525,1.000000
002595.SZ,豪迈科技,0.000000,20260522,20260525,1.000000
002596.SZ,海南瑞泽,0.000000,20260522,20260525,1.000000
002597.SZ,金禾实业,0.000000,20260522,20260525,1.000000
002599.SZ,盛通股份,0.000000,20260522,20260525,1.000000
002600.SZ,领益智造,0.000000,20260522,20260525,1.000000
002601.SZ,龙佰集团,0.000000,20260522,20260525,1.000000
002602.SZ,世纪华通,0.000000,20260522,20260525,1.000000
002603.SZ,以岭药业,0.000000,20260522,20260525,1.000000
002605.SZ,姚记科技,0.000000,20260522,20260525,1.000000
002607.SZ,中公教育,0.000000,20260522,20260525,1.000000
002567.SZ,唐人神,0.000000,20260522,20260525,1.000000
002608.SZ,江苏国信,0.000000,20260522,20260525,1.000000
002609.SZ,捷顺科技,0.000000,20260522,20260525,1.000000
002611.SZ,东方精工,0.000000,20260522,20260525,1.000000
002612.SZ,朗姿股份,0.000000,20260522,20260525,1.000000
002613.SZ,北玻股份,0.000000,20260522,20260525,1.000000
002614.SZ,奥佳华,0.000000,20260522,20260525,1.000000
002615.SZ,哈尔斯,0.000000,20260522,20260525,1.000000
002616.SZ,长青集团,0.000000,20260522,20260525,1.000000
002617.SZ,露笑科技,0.000000,20260522,20260525,1.000000
002594.SZ,比亚迪,0.000000,20260522,20260525,1.000000
002593.SZ,日上集团,0.000000,20260522,20260525,1.000000
002591.SZ,恒大高新,0.000000,20260522,20260525,1.000000
002590.SZ,万安科技,0.000000,20260522,20260525,1.000000
002568.SZ,百润股份,0.000000,20260522,20260525,1.000000
002570.SZ,贝因美,0.000000,20260522,20260525,1.000000
002571.SZ,德力股份,0.000000,20260522,20260525,1.000000
002572.SZ,索菲亚,0.000000,20260522,20260525,1.000000
002573.SZ,清新环境,0.000000,20260522,20260525,1.000000
002574.SZ,明牌珠宝,0.000000,20260522,20260525,1.000000
002575.SZ,群兴玩具,0.000000,20260522,20260525,1.000000
002576.SZ,通达动力,0.000000,20260522,20260525,1.000000
002577.SZ,雷柏科技,0.000000,20260522,20260525,1.000000
002578.SZ,闽发铝业,0.000000,20260522,20260525,1.000000
002579.SZ,中京电子,0.000000,20260522,20260525,1.000000
002580.SZ,圣阳股份,0.000000,20260522,20260525,1.000000
002582.SZ,好想你,0.000000,20260522,20260525,1.000000
002583.SZ,海能达,0.000000,20260522,20260525,1.000000
002584.SZ,西陇科学,0.000000,20260522,20260525,1.000000
002585.SZ,双星新材,0.000000,20260522,20260525,1.000000
002587.SZ,奥拓电子,0.000000,20260522,20260525,1.000000
002588.SZ,史丹利,0.000000,20260522,20260525,1.000000
002589.SZ,瑞康医药,0.000000,20260522,20260525,1.000000
605599.SH,菜百股份,0.000000,20260522,20260525,1.000000
